shot,ammo_before,ammo_after,keyframe,time_sec,shot_time_ms,reticle_screen_x,reticle_screen_y,reticle_offset_x,reticle_offset_y_down,reticle_angle_deg,reticle_confidence,world_x_ref,world_y_ref,recoil_x_right_px,recoil_y_up_px,shot_delta_x_right_px,shot_delta_y_up_px,background_only_x_right_px,background_only_y_up_px,reticle_jitter_contribution_x_px,reticle_jitter_contribution_y_up_px,camera_step_center_dx,camera_step_center_dy_down,camera_rotation_since_prev_deg,cumulative_rotation_to_ref_deg
1,45,44,163,1.3583333333333334,0,1271.5306924775296,703.4761976913089,-8.469307522470444,-16.523802308691074,0.5,73.41597366333008,1263.1891602419475,689.8255057421841,-15.286384482026051,31.254639635953595,-15.286384482026051,31.254639635953595,-8.428834882950696,13.60623523881668,-6.857549599075355,17.648404397136915,8.500508313328055,13.561572669609745,-0.3023118795959856,0.3023118795959856
2,44,43,172,1.4333333333333333,75,1290.1745291843363,717.5106115363412,10.17452918433628,-2.48938846365877,-0.25,72.99517059326172,1276.6854068413054,691.4468305127783,-1.7901378826682048,29.633314865359353,13.496246599357846,-1.6213247705942422,-13.472321795178686,25.996091468572786,11.682183912510482,3.637223396786567,4.960880139834899,12.42316247442784,0.6838053196263502,-0.38149344003036467
3,43,42,182,1.5166666666666666,158,1301.8230550749497,747.1057188139526,21.823055074949707,27.10571881395265,0.0,68.50712966918945,1304.1911917842422,693.025389417909,25.715647060268566,28.054755960228704,27.50578494293677,-1.5785589051306488,2.134516821281295,53.89056894889711,23.58113023898727,-25.83581298866841,-15.84751294700709,27.758451305773292,0.1140613390483931,-0.4955547790787577
4,42,41,191,1.5916666666666666,233,1289.2748582888198,709.9245599573821,9.274858288819814,-10.075440042617856,0.0,56.911481857299805,1280.353044073545,641.5713429653821,1.877499349571508,79.50880241275559,-23.838147710697058,51.45404645252688,-8.927289289729742,68.3582597735084,10.80478863930125,11.150542639247192,11.069668302863192,14.461676109591622,-0.5266975552604692,0.031142776181711754
5,41,40,201,1.675,317,1296.563400476463,707.7790071914985,16.563400476462903,-12.220992808501478,-0.25,72.89582443237305,1293.7032780596667,610.8995181475447,15.227733335693074,110.18062723059302,13.350233986121566,30.671824817837432,-2.932686183540909,96.97845255584605,18.160419519233983,13.20217467474697,-5.823871043618283,28.655422303051296,-0.31044055293776973,0.3415833291194816
6,40,39,210,1.75,392,1287.1091927149328,704.2738665220905,7.10919271493276,-15.726133477909457,0.5,61.43992614746094,1300.3672836630733,595.4815437956438,21.891738939099696,125.59860158249387,6.664005603406622,15.417974351900853,13.208997945381043,108.81460824256794,8.682740993718653,16.783993339925928,-16.10462977777661,11.886523784477276,0.16259375003973722,0.17898957907974422
7,39,38,220,1.8333333333333333,475,1284.098208208898,726.6372957905911,4.098208208898086,6.637295790591111,0.25,48.80220031738281,1306.9792033749172,596.8615552509898,28.503658650943635,124.21859012714788,6.611919711843939,-1.3800114553459935,22.869968313163554,129.76891932799253,5.633690337780081,-5.550329200844658,-9.695787281525327,20.93822367115547,0.2742266787397621,-0.09523709966001823
8,38,37,230,1.9166666666666667,558,1296.8579392407848,707.1708700636864,16.857939240784845,-12.82912993631362,-1.75,53.87912940979004,1339.1114687987151,548.3520758991732,60.635924074741524,172.72806947896447,32.13226542379789,48.509479351816594,42.24175326471641,158.83428339372222,18.394170810025116,13.893786085242255,-19.345080587306484,29.08314456095195,-0.14786260268540163,0.052625503025383796
9,37,36,240,2.0,642,1293.7603531745422,707.5203725043807,13.76035317454216,-12.479627495619297,-1.0,75.49154663085938,1316.203051427049,532.2657678689471,37.727506703075505,188.81437750919054,-22.90841737166602,16.086308030226064,22.4145513894548,175.2857105870778,15.312955313620705,13.528666922112734,19.86430253172375,16.40661073557908,-0.07676202362293955,0.1293875266483235
10,36,35,249,2.075,717,1290.3603866216667,707.5870248795477,10.360386621666748,-12.412975120452302,0.25,68.33073043823242,1314.4127985867372,511.21018629037076,35.937253862763555,209.86995908776692,-1.7902528403119504,21.05558157857638,24.005589806448825,196.41606861386833,11.93166405631473,13.453890473898582,-1.5111967793309304,21.136218154599874,-0.08707587491364646,0.21646340156197014
11,35,34,259,2.158333333333333,800,1296.1093296553613,708.2229443582906,16.109329655361307,-11.777055641709353,1.0,60.458112716674805,1313.5642926700896,504.86746597852743,35.08874794611597,216.21267939961024,-0.8485059166475821,6.342720311843323,17.493269233092633,203.30325901323488,17.59547871302334,12.90942038637536,6.489934516624771,6.908289282970827,0.40241205639605176,-0.1859486548340822
12,34,33,268,2.2333333333333334,875,1293.2157393966327,710.631074136536,13.21573939663267,-9.368925863464028,1.25,45.95840835571289,1297.609795965069,507.6570956450926,19.1342512410954,213.42304973304505,-15.954496705020574,-2.7896296665651903,4.519902253746977,202.79894174700257,14.614348987348421,10.624107986042475,12.97892935336563,-0.3316316120913143,0.5765282389003793,-0.7624768937344623
13,33,32,278,2.316666666666667,958,1291.446346656744,708.9467752445097,11.446346656744026,-11.053224755490305,2.0,37.89489555358887,1287.5802018522095,495.0612058122291,9.104657128235885,226.01893956590857,-10.029594112859513,12.59588983286352,-3.716726454882064,213.73290109055768,12.82138358311795,12.286038475350892,8.08910071534683,11.043548751524668,0.006728093628910018,-0.7692049873633724
14,32,31,287,2.3916666666666666,1033,1288.1838948312484,709.3753461750018,8.18389483124838,-10.624653824998177,1.75,40.518497467041016,1275.1008468572318,472.1974437801331,-3.374697866741826,248.8827015980046,-12.479354994977712,22.86376203209602,-13.004336608909398,237.117735000484,9.629638742167572,11.764966597520583,9.114604736513911,23.452806652193203,-0.34593707475480356,-0.42326791260856805
15,31,30,297,2.475,1117,1295.4164547134455,703.5591568129483,15.416454713445546,-16.440843187051655,1.75,45.023176193237305,1278.9429522373925,451.54893906948587,0.46740751341894793,269.5312063086518,3.842105380160774,20.648504710647217,-16.36932114729916,251.91314436205255,16.83672866071811,17.618061946599255,3.2714396333667537,14.816374112623976,-0.06126942451926777,-0.36199848808930013
16,30,29,307,2.558333333333333,1200,1290.9457674893329,705.6496123063662,10.945767489332866,-14.35038769363382,2.25,58.42560386657715,1257.3125801528047,449.65819874139333,-21.162964571168914,271.42194663674434,-21.63037208458786,1.8907403280925337,-33.53375761735174,255.91611549106653,12.370793046182825,15.505831145677803,17.13636408802995,4.121490390219606,0.03394716467549697,-0.3959456527647972
17,29,28,316,2.6333333333333333,1275,1293.1007299720493,708.1762494907141,13.100729972049294,-11.823750509285901,1.75,41.69084930419922,1256.3552312891713,450.8215641157218,-22.120313434802256,270.2585812624159,-0.9573488636333423,-1.163365374328464,-36.58480047941521,257.17902840997544,14.464487044612952,13.079552852440429,3.0337281354995866,1.3039575095740474,0.3770156142134403,-0.7729612669782386
18,28,27,326,2.716666666666667,1358,1294.4660794436738,709.0240381129647,14.466079443673834,-10.975961887035282,2.25,51.83102035522461,1249.3914230010755,432.8990958896741,-29.08412172289809,288.1810494884636,-6.963808288095834,17.922468226047727,-44.90805277890968,275.90875569128,15.823931056011588,12.272293797183579,8.040802790575754,18.85271076943991,0.0882314043453609,-0.8611926713235996
19,27,26,335,2.7916666666666665,1433,1293.9808868098444,713.266717048134,13.980886809844378,-6.733282951866045,2.0,41.606590270996094,1240.29744724525,434.57229503446445,-38.17809747872366,286.5078503436732,-9.093975755825568,-1.6731991447903738,-53.64540491932826,278.6160114304238,15.4673074406046,7.891838913249444,8.722010384519308,2.7562820819243825,-0.5394174473634793,-0.32177522396011915
20,26,25,345,2.875,1517,1293.5979752943515,711.2819705596269,13.5979752943515,-8.71802944037313,1.25,40.83292770385742,1242.6410887540205,415.0362641648141,-35.83445596995307,306.0438812133236,2.343641508770588,19.536030869650347,-50.989026832291074,296.2960418781526,15.154570862338005,9.747839335170966,-2.5909914226394903,17.689731050011005,-0.533615817731973,0.21184059377185513
21,25,24,355,2.9583333333333335,1600,1295.4691430377375,707.7936586026228,15.469143037737467,-12.206341397377173,-0.25,44.95879554748535,1254.6510229340965,408.68315104911596,-23.824521789877053,312.3969943290217,12.009934180076016,6.353113115698136,-40.84476237489275,299.144347388386,17.0202405850157,13.252646940635714,-10.138014727172504,2.870470876511604,0.08660995061220171,0.1252306431596532
22,24,23,364,3.033333333333333,1675,1288.4622613895817,709.8530567643841,8.462261389581727,-10.146943235615936,-1.0,43.171133041381836,1251.1613346942922,392.87910463861186,-27.314210029681362,328.2010407395258,-3.489688239804309,15.8040464105041,-37.295405344872506,316.96935002275114,9.981195315191144,11.231690716774665,-3.5590535891979016,17.823069090111744,0.156400458305817,-0.03116981514616421
23,23,22,374,3.1166666666666667,1758,1290.23744838162,709.8492725806216,10.23744838161997,-10.150727419378427,-1.0,36.27525997161865,1264.7496107756779,386.6364833883617,-13.725933948295733,334.443661989776,13.58827608138563,6.242621250250181,-25.504824957389474,323.2299503931128,11.77889100909374,11.213711596663188,-11.780077810257808,6.2803399315118895,-0.12713601765551524,0.09596620250935155
24,22,21,383,3.191666666666667,1833,1299.4868170860018,711.6288823511877,19.486817086001793,-8.371117648812287,-1.25,34.61537456512451,1277.4461640306345,371.037153746873,-1.0293806933391352,350.04299163126467,12.696553254956598,15.59932964148868,-22.10597097356549,340.74544595795584,21.076590280226355,9.297545673308832,-3.2608148755189177,17.541718263413713,-0.35524007293618737,0.4512062754455402
25,21,20,393,3.275,1917,1295.9726818134734,710.045790040869,15.9726818134734,-9.954209959131049,-1.5,77.06532669067383,1278.835988252472,349.7249467593478,0.3604435284983083,371.35519861878987,1.3898242218374435,21.3122069875252,-17.263080757929174,360.5265745273728,17.623524286427482,10.828624091417055,-4.588721384388691,19.841629700631415,-0.28385620928100547,0.7350624847265463
26,20,19,403,3.3583333333333334,2000,1289.5871154873075,711.7352141472771,9.587115487307528,-8.264785852722866,-0.75,74.68559265136719,1275.8400151812598,335.64267321826543,-2.6355295427138117,385.43747215987224,-2.99597307121212,14.082273541082373,-13.797052747202997,376.15084213235315,11.161523204489185,9.286630027519095,-3.3711976578990743,15.645002867195444,0.3875415961761025,0.3475208885504429
27,19,18,414,3.45,2092,1289.7541540652242,707.5846755346868,9.754154065224157,-12.415324465313233,0.25,75.3886604309082,1269.135099028159,325.3775087860502,-9.340445695814651,395.70263659208746,-6.704916153100839,10.265164432215215,-20.5701139669427,382.1688715061362,11.229668271128048,13.533765085951245,6.749322375566635,6.044640874422271,0.5730321224308247,-0.22551123388038355
28,18,17,422,3.5166666666666666,2158,1295.9856416437092,710.7211190640782,15.985641643709187,-9.278880935921848,-0.25,88.1903076171875,1278.3647044118122,316.59654836493064,-0.11084031216137191,404.48359701320703,9.22960538365328,8.780960421119573,-17.590072037800383,394.0715987307966,17.47923172563901,10.411998282410423,-3.0195058680219518,11.892777202869866,-0.03546566669364116,-0.19004556718674231
29,17,16,432,3.6,2242,1289.435216020403,711.6761350694599,9.435216020403004,-8.32386493054014,0.0,67.28592109680176,1265.2188324770805,302.6160989950407,-13.25671224689313,418.46404638309696,-13.145871934731758,13.980449369889925,-24.22476750063879,409.06954906422686,10.96805525374566,9.394497318870094,6.649806951668552,14.991256304732588,-0.24778797226624455,0.05774240507950232
30,16,15,441,3.675,2317,1293.651375379653,711.973059529513,13.651375379653018,-8.026940470487034,0.0,56.595088958740234,1274.6488446157314,288.85715934562387,-3.826700108242221,432.2229860325138,9.430012138650909,13.758939649416845,-19.04240303171855,423.1840994895222,15.215702923476329,9.038886542991577,-5.111890023597425,14.140226857571633,-0.22807686481146353,0.28581926989096595
31,15,14,451,3.7583333333333333,2400,1295.4589509255775,712.3774379580536,15.458950925577483,-7.622562041946367,0.25,67.9974308013916,1264.6341813863635,271.96159483259413,-13.841363337610119,449.11855054554354,-10.014663229367898,16.89556451302974,-30.835773059267922,440.4381995614488,16.994409721657803,8.68035098409473,11.818301359402994,17.237032774729187,0.202988714546681,0.08283055534428514
32,14,13,460,3.8333333333333335,2475,1294.2798561159327,715.0464370005737,14.279856115932716,-4.9535629994262536,0.0,49.768985748291016,1271.4003359293224,261.38472306181313,-7.075208794651189,459.69542231632454,6.76615454295893,10.576871770780997,-22.85035582261594,453.5784265659544,15.77514702796475,6.116995750370165,-8.061999301793776,13.093380825104987,0.4173492904982563,-0.33451873515397096
33,13,12,470,3.9166666666666665,2558,1289.931200363109,712.5561123057439,9.931200363108928,-7.443887694256091,0.0,49.29336738586426,1259.9004998974679,242.07311367640284,-18.575044826505746,479.00703170173483,-11.499836031854556,19.311609385410293,-29.976145188678856,470.4107645510867,11.40110036217311,8.596267150648146,7.002835125922729,16.883861416582477,0.0833651265956314,-0.41788386174960224
34,12,11,479,3.9916666666666667,2633,1288.73143815205,709.0081908367478,8.731438152050032,-10.991809163252242,-0.25,46.385541915893555,1263.8192247108916,224.17764794220062,-14.656320013081995,496.90249743593705,3.9187248134237507,17.89546573420222,-24.914108381136884,484.83204842286233,10.25778836805489,12.070449013074722,-5.059550395586939,14.42215639028268,-0.42776208081964395,0.009878219070041423
35,11,10,489,4.075,2717,1286.7320343519236,712.7986345965073,6.73203435192363,-7.201365403492673,-1.0,49.61847686767578,1272.2783072981988,217.11797040000556,-6.1972374257748015,503.9621749781321,8.459082587307194,7.059677542195061,-14.488203558568102,495.7130491274754,8.2909661327933,8.249125850656696,-10.37357496478353,10.93090161665873,-0.2650427114287532,0.27492093049879446
36,10,9,499,4.158333333333333,2800,1290.4664872549,708.5423268874308,10.466487254899903,-11.457673112569182,-1.5,63.439369201660156,1279.7414426972587,199.52329927947062,1.265897973285064,521.556846098667,7.4631353990598654,17.59467112053494,-10.78951283894844,509.07825327774583,12.055410812233504,12.478592820921222,-3.623236317917417,13.385856476233812,-0.04829670626468146,0.32321763676347587
37,9,8,508,4.233333333333333,2875,1291.263992846809,711.9247623314592,11.26399284680906,-8.075237668540808,-1.5,49.402448654174805,1293.090994795495,189.20722316279569,14.615450071521309,531.872922215342,13.349552098236245,10.316076116674935,1.833602788188955,522.7083397232038,12.781847283332354,9.164582492138152,-12.634246539576225,13.619769418897931,0.3700255371480193,-0.04680790038454273
38,8,7,518,4.316666666666666,2958,1290.9135575513526,713.085829478659,10.913557551352596,-6.9141705213410205,-1.0,55.5227165222168,1285.494813622782,178.18684326633297,7.019268898808377,542.8933021118047,-7.596181172712932,11.020379896462714,-5.411854643015431,534.8881238987474,12.431123541823808,8.00517821305732,7.233327420987507,12.186991850780942,0.010236850445178438,-0.05704475082972114
39,7,6,528,4.4,3042,1294.8100047013313,706.913224055477,14.810004701331309,-13.08677594452297,0.0,72.55731582641602,1275.6470536823113,149.2775811361223,-2.828491041662346,571.8025642420154,-9.847759940470723,28.909262130210664,-19.092226626902857,557.5560389573883,16.26373558524051,14.246525284627069,13.558042359878073,22.74129367672515,0.2516571360797438,-0.3087018869094647
40,6,5,538,4.483333333333333,3125,1292.4449270899418,707.9629279568699,12.444927089941757,-12.037072043130138,1.25,56.87630844116211,1268.3811044748709,150.34832458151777,-10.094440249102718,570.7318207966199,-7.2659492074403715,-1.0707434453954647,-24.054575094554366,557.6050498622508,13.960134845451648,13.12677093436912,4.962309366543195,0.0528217182378512,-0.26470167736290157,-0.0440002095465634
41,5,4,547,4.558333333333334,3200,1289.5908320755668,709.318285706203,9.590832075566823,-10.681714293796972,1.25,79.33276748657227,1258.4395672244038,146.2037397109607,-20.035977499569753,574.876405667177,-9.941537250467036,4.1445848705570825,-31.140698758897543,563.1050684076247,11.104721259327789,11.771337259552297,7.080682129776051,5.507022168367371,0.012650246733991963,-0.05665045628055534
42,4,3,557,4.641666666666667,3283,1290.7851906800192,709.2751354818095,10.785190680019241,-10.724864518190543,2.0,75.69385147094727,1251.1821358907964,137.95037590708273,-27.293408833177182,583.1297694710549,-7.257431333607428,8.25336380387796,-39.49964380855113,571.2217600656716,12.206234975373945,11.908009405383382,8.280673466786538,8.196529311323843,0.4931608837429476,-0.5498113400235027
43,3,2,566,4.716666666666667,3358,1289.014085934729,710.0803648456468,9.01408593472911,-9.91963515435316,2.25,40.86738586425781,1250.9751337431294,128.93445494108835,-27.500410980844208,592.1456904370493,-0.2070021476670263,9.015920965994383,-37.923821841478684,581.0424968031498,10.423410860634476,11.103193633899537,-1.6891045992510954,9.801888113600967,0.11172549918113524,-0.661536839204638
44,2,1,576,4.8,3442,1290.842653075796,708.1452831750994,10.842653075796079,-11.854716824900606,1.75,49.928287506103516,1241.9922305153082,113.41582349601856,-36.48331420866543,607.6643218821191,-8.982903227821225,15.518631445069786,-48.76037539107915,594.6477238088723,12.277061182413718,13.016598073246769,10.733255736939782,13.686866551408116,-0.2278214538775233,-0.43371538532711473
45,1,0,585,4.875,3517,1288.5082661979836,708.8981049538239,8.50826619798363,-11.101895046176082,2.25,40.491628646850586,1238.0780167004964,114.9334292857842,-40.39752802347721,606.1467160923535,-3.9142138148117738,-1.5176057897656392,-50.408174035877664,593.947792269713,10.010646012400457,12.198923822640495,1.6491861057515962,-0.6966561001715945,-0.31987271845636406,-0.11384266687075062
