frame,change_score,event_threshold,approximate_event
0,0.0,0.1918806482200494,0
1,0.0,0.1918806482200494,0
2,0.0,0.1918806482200494,0
3,0.024618298195866545,0.1918806482200494,0
4,0.024618298195866545,0.1918806482200494,0
5,0.0,0.1918806482200494,0
6,0.0,0.1918806482200494,0
7,0.0,0.1918806482200494,0
8,0.0,0.1918806482200494,0
9,0.024618298195866545,0.1918806482200494,0
10,0.034815531191139566,0.1918806482200494,0
11,0.034815531191139566,0.1918806482200494,0
12,0.024618298195866545,0.1918806482200494,0
13,0.0,0.1918806482200494,0
14,0.0,0.1918806482200494,0
15,0.0,0.1918806482200494,0
16,0.0,0.1918806482200494,0
17,0.03015113445777636,0.1918806482200494,0
18,0.03015113445777636,0.1918806482200494,0
19,0.017407765595569783,0.1918806482200494,0
20,0.034815531191139566,0.1918806482200494,0
21,0.04264014327112209,0.1918806482200494,0
22,0.03892494720807615,0.1918806482200494,0
23,0.046056618647183835,0.1918806482200494,0
24,0.04923659639173309,0.1918806482200494,0
25,0.05504818825631803,0.1918806482200494,0
26,0.05222329678670935,0.1918806482200494,0
27,0.046056618647183835,0.1918806482200494,0
28,0.017407765595569783,0.1918806482200494,0
29,0.06513389472789297,0.1918806482200494,0
30,0.07177405625652734,0.1918806482200494,0
31,0.06963106238227913,0.1918806482200494,0
32,0.046056618647183835,0.1918806482200494,0
33,0.046056618647183835,0.1918806482200494,0
34,0.05222329678670935,0.1918806482200494,0
35,0.03892494720807615,0.1918806482200494,0
36,0.024618298195866545,0.1918806482200494,0
37,0.024618298195866545,0.1918806482200494,0
38,0.017407765595569783,0.1918806482200494,0
39,0.03015113445777636,0.1918806482200494,0
40,0.03015113445777636,0.1918806482200494,0
41,0.034815531191139566,0.1918806482200494,0
42,0.03892494720807615,0.1918806482200494,0
43,0.03892494720807615,0.1918806482200494,0
44,0.046056618647183835,0.1918806482200494,0
45,0.04264014327112209,0.1918806482200494,0
46,0.04264014327112209,0.1918806482200494,0
47,0.03892494720807615,0.1918806482200494,0
48,0.034815531191139566,0.1918806482200494,0
49,0.046056618647183835,0.1918806482200494,0
50,0.03892494720807615,0.1918806482200494,0
51,0.03892494720807615,0.1918806482200494,0
52,0.024618298195866545,0.1918806482200494,0
53,0.034815531191139566,0.1918806482200494,0
54,0.046056618647183835,0.1918806482200494,0
55,0.046056618647183835,0.1918806482200494,0
56,0.04923659639173309,0.1918806482200494,0
57,0.03015113445777636,0.1918806482200494,0
58,0.03892494720807615,0.1918806482200494,0
59,0.034815531191139566,0.1918806482200494,0
60,0.03015113445777636,0.1918806482200494,0
61,0.024618298195866545,0.1918806482200494,0
62,0.024618298195866545,0.1918806482200494,0
63,0.017407765595569783,0.1918806482200494,0
64,0.024618298195866545,0.1918806482200494,0
65,0.046056618647183835,0.1918806482200494,0
66,0.04923659639173309,0.1918806482200494,0
67,0.04923659639173309,0.1918806482200494,0
68,0.04264014327112209,0.1918806482200494,0
69,0.04264014327112209,0.1918806482200494,0
70,0.04923659639173309,0.1918806482200494,0
71,0.03892494720807615,0.1918806482200494,0
72,0.024618298195866545,0.1918806482200494,0
73,0.024618298195866545,0.1918806482200494,0
74,0.024618298195866545,0.1918806482200494,0
75,0.03015113445777636,0.1918806482200494,0
76,0.034815531191139566,0.1918806482200494,0
77,0.034815531191139566,0.1918806482200494,0
78,0.03015113445777636,0.1918806482200494,0
79,0.024618298195866545,0.1918806482200494,0
80,0.024618298195866545,0.1918806482200494,0
81,0.024618298195866545,0.1918806482200494,0
82,0.024618298195866545,0.1918806482200494,0
83,0.024618298195866545,0.1918806482200494,0
84,0.024618298195866545,0.1918806482200494,0
85,0.03015113445777636,0.1918806482200494,0
86,0.03015113445777636,0.1918806482200494,0
87,0.03015113445777636,0.1918806482200494,0
88,0.034815531191139566,0.1918806482200494,0
89,0.03892494720807615,0.1918806482200494,0
90,0.03892494720807615,0.1918806482200494,0
91,0.017407765595569783,0.1918806482200494,0
92,0.034815531191139566,0.1918806482200494,0
93,0.024618298195866545,0.1918806482200494,0
94,0.017407765595569783,0.1918806482200494,0
95,0.03015113445777636,0.1918806482200494,0
96,0.017407765595569783,0.1918806482200494,0
97,0.0,0.1918806482200494,0
98,0.0,0.1918806482200494,0
99,0.0,0.1918806482200494,0
100,0.0,0.1918806482200494,0
101,0.03015113445777636,0.1918806482200494,0
102,0.03015113445777636,0.1918806482200494,0
103,0.03015113445777636,0.1918806482200494,0
104,0.0,0.1918806482200494,0
105,0.0,0.1918806482200494,0
106,0.017407765595569783,0.1918806482200494,0
107,0.03015113445777636,0.1918806482200494,0
108,0.03015113445777636,0.1918806482200494,0
109,0.034815531191139566,0.1918806482200494,0
110,0.034815531191139566,0.1918806482200494,0
111,0.034815531191139566,0.1918806482200494,0
112,0.03015113445777636,0.1918806482200494,0
113,0.03892494720807615,0.1918806482200494,0
114,0.034815531191139566,0.1918806482200494,0
115,0.034815531191139566,0.1918806482200494,0
116,0.034815531191139566,0.1918806482200494,0
117,0.03892494720807615,0.1918806482200494,0
118,0.03892494720807615,0.1918806482200494,0
119,0.017407765595569783,0.1918806482200494,0
120,0.017407765595569783,0.1918806482200494,0
121,0.017407765595569783,0.1918806482200494,0
122,0.017407765595569783,0.1918806482200494,0
123,0.024618298195866545,0.1918806482200494,0
124,0.017407765595569783,0.1918806482200494,0
125,0.024618298195866545,0.1918806482200494,0
126,0.034815531191139566,0.1918806482200494,0
127,0.034815531191139566,0.1918806482200494,0
128,0.034815531191139566,0.1918806482200494,0
129,0.024618298195866545,0.1918806482200494,0
130,0.024618298195866545,0.1918806482200494,0
131,0.024618298195866545,0.1918806482200494,0
132,0.03015113445777636,0.1918806482200494,0
133,0.03015113445777636,0.1918806482200494,0
134,0.024618298195866545,0.1918806482200494,0
135,0.024618298195866545,0.1918806482200494,0
136,0.0,0.1918806482200494,0
137,0.017407765595569783,0.1918806482200494,0
138,0.017407765595569783,0.1918806482200494,0
139,0.024618298195866545,0.1918806482200494,0
140,0.017407765595569783,0.1918806482200494,0
141,0.017407765595569783,0.1918806482200494,0
142,0.0,0.1918806482200494,0
143,0.0,0.1918806482200494,0
144,0.0,0.1918806482200494,0
145,0.017407765595569783,0.1918806482200494,0
146,0.017407765595569783,0.1918806482200494,0
147,0.03892494720807615,0.1918806482200494,0
148,0.04264014327112209,0.1918806482200494,0
149,0.04264014327112209,0.1918806482200494,0
150,0.017407765595569783,0.1918806482200494,0
151,0.0,0.1918806482200494,0
152,0.017407765595569783,0.1918806482200494,0
153,0.03015113445777636,0.1918806482200494,0
154,0.03015113445777636,0.1918806482200494,0
155,0.03892494720807615,0.1918806482200494,0
156,0.03015113445777636,0.1918806482200494,0
157,0.034815531191139566,0.1918806482200494,0
158,0.046056618647183835,0.1918806482200494,0
159,0.05773502691896258,0.1918806482200494,0
160,0.05222329678670935,0.1918806482200494,0
161,0.05773502691896258,0.1918806482200494,0
162,0.07177405625652734,0.1918806482200494,0
163,0.06030226891555272,0.1918806482200494,0
164,0.05504818825631803,0.1918806482200494,0
165,0.03015113445777636,0.1918806482200494,0
166,0.03015113445777636,0.1918806482200494,0
167,0.046056618647183835,0.1918806482200494,0
168,0.046056618647183835,0.1918806482200494,0
169,0.04264014327112209,0.1918806482200494,0
170,0.03892494720807615,0.1918806482200494,0
171,0.034815531191139566,0.1918806482200494,0
172,0.024618298195866545,0.1918806482200494,0
173,0.017407765595569783,0.1918806482200494,0
174,0.017407765595569783,0.1918806482200494,0
175,0.024618298195866545,0.1918806482200494,0
176,0.024618298195866545,0.1918806482200494,0
177,0.03015113445777636,0.1918806482200494,0
178,0.024618298195866545,0.1918806482200494,0
179,0.024618298195866545,0.1918806482200494,0
180,0.0,0.1918806482200494,0
181,0.0,0.1918806482200494,0
182,0.0,0.1918806482200494,0
183,0.017407765595569783,0.1918806482200494,0
184,0.017407765595569783,0.1918806482200494,0
185,0.024618298195866545,0.1918806482200494,0
186,0.017407765595569783,0.1918806482200494,0
187,0.017407765595569783,0.1918806482200494,0
188,0.017407765595569783,0.1918806482200494,0
189,0.03015113445777636,0.1918806482200494,0
190,0.03015113445777636,0.1918806482200494,0
191,0.03015113445777636,0.1918806482200494,0
192,0.017407765595569783,0.1918806482200494,0
193,0.017407765595569783,0.1918806482200494,0
194,0.0,0.1918806482200494,0
195,0.017407765595569783,0.1918806482200494,0
196,0.017407765595569783,0.1918806482200494,0
197,0.017407765595569783,0.1918806482200494,0
198,0.0,0.1918806482200494,0
199,0.0,0.1918806482200494,0
200,0.0,0.1918806482200494,0
201,0.017407765595569783,0.1918806482200494,0
202,0.017407765595569783,0.1918806482200494,0
203,0.024618298195866545,0.1918806482200494,0
204,0.017407765595569783,0.1918806482200494,0
205,0.017407765595569783,0.1918806482200494,0
206,0.0,0.1918806482200494,0
207,0.0,0.1918806482200494,0
208,0.0,0.1918806482200494,0
209,0.0,0.1918806482200494,0
210,0.0,0.1918806482200494,0
211,0.0,0.1918806482200494,0
212,0.0,0.1918806482200494,0
213,0.0,0.1918806482200494,0
214,0.0,0.1918806482200494,0
215,0.0,0.1918806482200494,0
216,0.0,0.1918806482200494,0
217,0.0,0.1918806482200494,0
218,0.017407765595569783,0.1918806482200494,0
219,0.017407765595569783,0.1918806482200494,0
220,0.017407765595569783,0.1918806482200494,0
221,0.0,0.1918806482200494,0
222,0.017407765595569783,0.1918806482200494,0
223,0.017407765595569783,0.1918806482200494,0
224,0.017407765595569783,0.1918806482200494,0
225,0.0,0.1918806482200494,0
226,0.0,0.1918806482200494,0
227,0.0,0.1918806482200494,0
228,0.0,0.1918806482200494,0
229,0.0,0.1918806482200494,0
230,0.0,0.1918806482200494,0
231,0.0,0.1918806482200494,0
232,0.0,0.1918806482200494,0
233,0.017407765595569783,0.1918806482200494,0
234,0.024618298195866545,0.1918806482200494,0
235,0.024618298195866545,0.1918806482200494,0
236,0.017407765595569783,0.1918806482200494,0
237,0.0,0.1918806482200494,0
238,0.0,0.1918806482200494,0
239,0.0,0.1918806482200494,0
240,0.0,0.1918806482200494,0
241,0.0,0.1918806482200494,0
242,0.0,0.1918806482200494,0
243,0.0,0.1918806482200494,0
244,0.0,0.1918806482200494,0
245,0.0,0.1918806482200494,0
246,0.0,0.1918806482200494,0
247,0.0,0.1918806482200494,0
248,0.0,0.1918806482200494,0
249,0.034815531191139566,0.1918806482200494,0
250,0.034815531191139566,0.1918806482200494,0
251,0.034815531191139566,0.1918806482200494,0
252,0.0,0.1918806482200494,0
253,0.0,0.1918806482200494,0
254,0.0,0.1918806482200494,0
255,0.0,0.1918806482200494,0
256,0.0,0.1918806482200494,0
257,0.0,0.1918806482200494,0
258,0.0,0.1918806482200494,0
259,0.0,0.1918806482200494,0
260,0.0,0.1918806482200494,0
261,0.0,0.1918806482200494,0
262,0.0,0.1918806482200494,0
263,0.0,0.1918806482200494,0
264,0.0,0.1918806482200494,0
265,0.0,0.1918806482200494,0
266,0.3450955072018601,0.1918806482200494,1
267,0.3450955072018601,0.1918806482200494,0
268,0.34465617474213167,0.1918806482200494,0
269,0.017407765595569783,0.1918806482200494,0
270,0.034815531191139566,0.1918806482200494,0
271,0.06030226891555272,0.1918806482200494,0
272,0.06030226891555272,0.1918806482200494,0
273,0.05504818825631803,0.1918806482200494,0
274,0.046056618647183835,0.1918806482200494,0
275,0.17752507291971892,0.1918806482200494,0
276,0.17922391615298477,0.1918806482200494,0
277,0.17407765595569785,0.1918806482200494,0
278,0.05222329678670935,0.1918806482200494,0
279,0.05222329678670935,0.1918806482200494,0
280,0.04264014327112209,0.1918806482200494,0
281,0.03892494720807615,0.1918806482200494,0
282,0.034815531191139566,0.1918806482200494,0
283,0.04923659639173309,0.1918806482200494,0
284,0.4489043901713944,0.1918806482200494,0
285,0.453270940447924,0.1918806482200494,1
286,0.4509249752822894,0.1918806482200494,0
287,0.06030226891555272,0.1918806482200494,0
288,0.046056618647183835,0.1918806482200494,0
289,0.046056618647183835,0.1918806482200494,0
290,0.034815531191139566,0.1918806482200494,0
291,0.03892494720807615,0.1918806482200494,0
292,0.04264014327112209,0.1918806482200494,0
293,0.44551638408126865,0.1918806482200494,0
294,0.45159649460485624,0.1918806482200494,0
295,0.45226701686664544,0.1918806482200494,1
296,0.06030226891555272,0.1918806482200494,0
297,0.07385489458759964,0.1918806482200494,0
298,0.07385489458759964,0.1918806482200494,0
299,0.046056618647183835,0.1918806482200494,0
300,0.03892494720807615,0.1918806482200494,0
301,0.04264014327112209,0.1918806482200494,0
302,0.03892494720807615,0.1918806482200494,0
303,0.22360679774997896,0.1918806482200494,1
304,0.22360679774997896,0.1918806482200494,0
305,0.2222474733128352,0.1918806482200494,0
306,0.06276459144608479,0.1918806482200494,0
307,0.06963106238227913,0.1918806482200494,0
308,0.06741998624632421,0.1918806482200494,0
309,0.07587869106393282,0.1918806482200494,0
310,0.07385489458759964,0.1918806482200494,0
311,0.41120665010540514,0.1918806482200494,0
312,0.41414387779508643,0.1918806482200494,0
313,0.4145095678246545,0.1918806482200494,1
314,0.05504818825631803,0.1918806482200494,0
315,0.0,0.1918806482200494,0
316,0.034815531191139566,0.1918806482200494,0
317,0.046056618647183835,0.1918806482200494,0
318,0.046056618647183835,0.1918806482200494,0
319,0.03892494720807615,0.1918806482200494,0
320,0.03015113445777636,0.1918806482200494,0
321,0.44175956713071324,0.1918806482200494,0
322,0.443471156521669,0.1918806482200494,0
323,0.44381268229929727,0.1918806482200494,1
324,0.046056618647183835,0.1918806482200494,0
325,0.024618298195866545,0.1918806482200494,0
326,0.04923659639173309,0.1918806482200494,0
327,0.05773502691896258,0.1918806482200494,0
328,0.04923659639173309,0.1918806482200494,0
329,0.26285149626910836,0.1918806482200494,0
330,0.2645751311064591,0.1918806482200494,0
331,0.26514718611184673,0.1918806482200494,1
332,0.04264014327112209,0.1918806482200494,0
333,0.03015113445777636,0.1918806482200494,0
334,0.017407765595569783,0.1918806482200494,0
335,0.03892494720807615,0.1918806482200494,0
336,0.03892494720807615,0.1918806482200494,0
337,0.03892494720807615,0.1918806482200494,0
338,0.03015113445777636,0.1918806482200494,0
339,0.5949280577846315,0.1918806482200494,0
340,0.5956916021302339,0.1918806482200494,1
341,0.5956916021302339,0.1918806482200494,0
342,0.04264014327112209,0.1918806482200494,0
343,0.024618298195866545,0.1918806482200494,0
344,0.0,0.1918806482200494,0
345,0.024618298195866545,0.1918806482200494,0
346,0.034815531191139566,0.1918806482200494,0
347,0.5749835307259336,0.1918806482200494,0
348,0.5765624358421578,0.1918806482200494,1
349,0.5757735244999995,0.1918806482200494,0
350,0.04923659639173309,0.1918806482200494,0
351,0.03892494720807615,0.1918806482200494,0
352,0.03892494720807615,0.1918806482200494,0
353,0.04264014327112209,0.1918806482200494,0
354,0.03015113445777636,0.1918806482200494,0
355,0.017407765595569783,0.1918806482200494,0
356,0.017407765595569783,0.1918806482200494,0
357,0.5116817192534651,0.1918806482200494,0
358,0.5140451577852126,0.1918806482200494,1
359,0.5131601439446883,0.1918806482200494,0
360,0.06030226891555272,0.1918806482200494,0
361,0.04264014327112209,0.1918806482200494,0
362,0.07977240352174657,0.1918806482200494,0
363,0.08348471099367219,0.1918806482200494,0
364,0.08703882797784893,0.1918806482200494,0
365,0.04923659639173309,0.1918806482200494,0
366,0.180067327475704,0.1918806482200494,0
367,0.18340219092574558,0.1918806482200494,0
368,0.18174240845301634,0.1918806482200494,0
369,0.05504818825631803,0.1918806482200494,0
370,0.05504818825631803,0.1918806482200494,0
371,0.05504818825631803,0.1918806482200494,0
372,0.05773502691896258,0.1918806482200494,0
373,0.05222329678670935,0.1918806482200494,0
374,0.06276459144608479,0.1918806482200494,0
375,0.4458563432181702,0.1918806482200494,0
376,0.4461960433384737,0.1918806482200494,1
377,0.44381268229929727,0.1918806482200494,0
378,0.03892494720807615,0.1918806482200494,0
379,0.034815531191139566,0.1918806482200494,0
380,0.04264014327112209,0.1918806482200494,0
381,0.03892494720807615,0.1918806482200494,0
382,0.024618298195866545,0.1918806482200494,0
383,0.43969686527576396,0.1918806482200494,0
384,0.4400413203738527,0.1918806482200494,1
385,0.43969686527576396,0.1918806482200494,0
386,0.05504818825631803,0.1918806482200494,0
387,0.05222329678670935,0.1918806482200494,0
388,0.06513389472789297,0.1918806482200494,0
389,0.04923659639173309,0.1918806482200494,0
390,0.04923659639173309,0.1918806482200494,0
391,0.024618298195866545,0.1918806482200494,0
392,0.034815531191139566,0.1918806482200494,0
393,0.20961725582450014,0.1918806482200494,0
394,0.21105794120443455,0.1918806482200494,1
395,0.20816659994661327,0.1918806482200494,0
396,0.03892494720807615,0.1918806482200494,0
397,0.04264014327112209,0.1918806482200494,0
398,0.046056618647183835,0.1918806482200494,0
399,0.034815531191139566,0.1918806482200494,0
400,0.03892494720807615,0.1918806482200494,0
401,0.034815531191139566,0.1918806482200494,0
402,0.41377786457484794,0.1918806482200494,0
403,0.41414387779508643,0.1918806482200494,0
404,0.4148749355181777,0.1918806482200494,1
405,0.034815531191139566,0.1918806482200494,0
406,0.03892494720807615,0.1918806482200494,0
407,0.03015113445777636,0.1918806482200494,0
408,0.0,0.1918806482200494,0
409,0.0,0.1918806482200494,0
410,0.0,0.1918806482200494,0
411,0.4414164528520486,0.1918806482200494,0
412,0.44175956713071324,0.1918806482200494,0
413,0.44687466889159166,0.1918806482200494,1
414,0.07977240352174657,0.1918806482200494,0
415,0.07977240352174657,0.1918806482200494,0
416,0.05222329678670935,0.1918806482200494,0
417,0.06513389472789297,0.1918806482200494,0
418,0.06276459144608479,0.1918806482200494,0
419,0.06741998624632421,0.1918806482200494,0
420,0.2674231693686086,0.1918806482200494,0
421,0.26798914496333953,0.1918806482200494,0
422,0.6610368348055174,0.1918806482200494,0
423,0.6658328118479393,0.1918806482200494,0
424,0.6619530332144556,0.1918806482200494,0
425,0.11281521496355325,0.1918806482200494,0
426,0.15175738212786563,0.1918806482200494,0
427,0.6687845148272553,0.1918806482200494,1
428,0.6665151342936064,0.1918806482200494,0
429,0.6137317546507323,0.1918806482200494,0
430,0.6120011883529758,0.1918806482200494,0
431,0.6117535649609442,0.1918806482200494,0
432,0.17056057308448835,0.1918806482200494,0
433,0.16329931618554522,0.1918806482200494,0
434,0.20743746775908886,0.1918806482200494,0
435,0.21391020489349208,0.1918806482200494,1
436,0.1414213562373095,0.1918806482200494,0
437,0.06741998624632421,0.1918806482200494,0
438,0.3468472723015568,0.1918806482200494,0
439,0.5723423429869203,0.1918806482200494,0
440,0.5726070099804821,0.1918806482200494,1
441,0.45660141095363305,0.1918806482200494,0
442,0.05504818825631803,0.1918806482200494,0
443,0.046056618647183835,0.1918806482200494,0
444,0.034815531191139566,0.1918806482200494,0
445,0.017407765595569783,0.1918806482200494,0
446,0.046056618647183835,0.1918806482200494,0
447,0.5181552358944649,0.1918806482200494,0
448,0.5213618530523515,0.1918806482200494,1
449,0.5184475660931188,0.1918806482200494,0
450,0.1,0.1918806482200494,0
451,0.11677484162422844,0.1918806482200494,0
452,0.12673044646258474,0.1918806482200494,0
453,0.13257359305592337,0.1918806482200494,0
454,0.0937436866561092,0.1918806482200494,0
455,0.08876253645985946,0.1918806482200494,0
456,0.22360679774997896,0.1918806482200494,0
457,0.24618298195866548,0.1918806482200494,0
458,0.25105836578433915,0.1918806482200494,1
459,0.142488702369803,0.1918806482200494,0
460,0.05504818825631803,0.1918806482200494,0
461,0.14974726182552528,0.1918806482200494,0
462,0.15472360498448173,0.1918806482200494,0
463,0.11281521496355325,0.1918806482200494,0
464,0.12673044646258474,0.1918806482200494,0
465,0.45891835941271797,0.1918806482200494,1
466,0.45593726309525073,0.1918806482200494,0
467,0.4465354850333167,0.1918806482200494,0
468,0.06741998624632421,0.1918806482200494,0
469,0.04923659639173309,0.1918806482200494,0
470,0.06513389472789297,0.1918806482200494,0
471,0.06963106238227913,0.1918806482200494,0
472,0.06276459144608479,0.1918806482200494,0
473,0.06030226891555272,0.1918806482200494,0
474,0.4348458452036872,0.1918806482200494,0
475,0.43831633795834274,0.1918806482200494,0
476,0.44072942293704903,0.1918806482200494,1
477,0.08528028654224418,0.1918806482200494,0
478,0.07385489458759964,0.1918806482200494,0
479,0.06030226891555272,0.1918806482200494,0
480,0.06030226891555272,0.1918806482200494,0
481,0.05504818825631803,0.1918806482200494,0
482,0.05773502691896258,0.1918806482200494,0
483,0.20150945537631876,0.1918806482200494,0
484,0.20075614636426528,0.1918806482200494,0
485,0.2052345295539036,0.1918806482200494,1
486,0.06741998624632421,0.1918806482200494,0
487,0.04264014327112209,0.1918806482200494,0
488,0.06741998624632421,0.1918806482200494,0
489,0.06963106238227913,0.1918806482200494,0
490,0.03892494720807615,0.1918806482200494,0
491,0.046056618647183835,0.1918806482200494,0
492,0.42103767916034224,0.1918806482200494,0
493,0.4221158824088691,0.1918806482200494,1
494,0.4192345116490003,0.1918806482200494,0
495,0.05773502691896258,0.1918806482200494,0
496,0.04923659639173309,0.1918806482200494,0
497,0.05222329678670935,0.1918806482200494,0
498,0.05222329678670935,0.1918806482200494,0
499,0.06030226891555272,0.1918806482200494,0
500,0.06741998624632421,0.1918806482200494,0
501,0.4424449974376202,0.1918806482200494,1
502,0.4403855060505442,0.1918806482200494,0
503,0.4400413203738527,0.1918806482200494,0
504,0.04264014327112209,0.1918806482200494,0
505,0.05222329678670935,0.1918806482200494,0
506,0.05773502691896258,0.1918806482200494,0
507,0.03892494720807615,0.1918806482200494,0
508,0.046056618647183835,0.1918806482200494,0
509,0.04264014327112209,0.1918806482200494,0
510,0.268553927770964,0.1918806482200494,0
511,0.268553927770964,0.1918806482200494,0
512,0.27024119417717024,0.1918806482200494,1
513,0.03892494720807615,0.1918806482200494,0
514,0.04264014327112209,0.1918806482200494,0
515,0.03015113445777636,0.1918806482200494,0
516,0.03015113445777636,0.1918806482200494,0
517,0.04923659639173309,0.1918806482200494,0
518,0.05773502691896258,0.1918806482200494,0
519,0.6025199606903517,0.1918806482200494,0
520,0.6037759969934666,0.1918806482200494,1
521,0.6032738962854218,0.1918806482200494,0
522,0.034815531191139566,0.1918806482200494,0
523,0.03015113445777636,0.1918806482200494,0
524,0.034815531191139566,0.1918806482200494,0
525,0.017407765595569783,0.1918806482200494,0
526,0.017407765595569783,0.1918806482200494,0
527,0.04923659639173309,0.1918806482200494,0
528,0.5662208585049305,0.1918806482200494,0
529,0.5672902095208253,0.1918806482200494,1
530,0.5654175180315602,0.1918806482200494,0
531,0.04264014327112209,0.1918806482200494,0
532,0.03015113445777636,0.1918806482200494,0
533,0.04264014327112209,0.1918806482200494,0
534,0.024618298195866545,0.1918806482200494,0
535,0.017407765595569783,0.1918806482200494,0
536,0.034815531191139566,0.1918806482200494,0
537,0.37698967110679854,0.1918806482200494,0
538,0.3797926068822618,0.1918806482200494,0
539,0.3817821050777207,0.1918806482200494,1
540,0.06963106238227913,0.1918806482200494,0
541,0.05222329678670935,0.1918806482200494,0
542,0.04264014327112209,0.1918806482200494,0
543,0.03015113445777636,0.1918806482200494,0
544,0.03015113445777636,0.1918806482200494,0
545,0.017407765595569783,0.1918806482200494,0
546,0.19847906537954926,0.1918806482200494,0
547,0.20300768756902093,0.1918806482200494,1
548,0.19384467383902396,0.1918806482200494,0
549,0.09211323729436767,0.1918806482200494,0
550,0.08876253645985946,0.1918806482200494,0
551,0.06276459144608479,0.1918806482200494,0
552,0.06741998624632421,0.1918806482200494,0
553,0.05504818825631803,0.1918806482200494,0
554,0.08348471099367219,0.1918806482200494,0
555,0.4465354850333167,0.1918806482200494,1
556,0.4461960433384737,0.1918806482200494,0
557,0.44278731470154614,0.1918806482200494,0
558,0.05504818825631803,0.1918806482200494,0
559,0.046056618647183835,0.1918806482200494,0
560,0.05504818825631803,0.1918806482200494,0
561,0.05222329678670935,0.1918806482200494,0
562,0.034815531191139566,0.1918806482200494,0
563,0.03015113445777636,0.1918806482200494,0
564,0.43449727132385857,0.1918806482200494,0
565,0.436584540044721,0.1918806482200494,1
566,0.436584540044721,0.1918806482200494,0
567,0.046056618647183835,0.1918806482200494,0
568,0.024618298195866545,0.1918806482200494,0
569,0.024618298195866545,0.1918806482200494,0
570,0.017407765595569783,0.1918806482200494,0
571,0.0,0.1918806482200494,0
572,0.03015113445777636,0.1918806482200494,0
573,0.1954016841836789,0.1918806482200494,0
574,0.20075614636426528,0.1918806482200494,1
575,0.2,0.1918806482200494,0
576,0.05222329678670935,0.1918806482200494,0
577,0.03015113445777636,0.1918806482200494,0
578,0.03892494720807615,0.1918806482200494,0
579,0.03015113445777636,0.1918806482200494,0
580,0.034815531191139566,0.1918806482200494,0
581,0.024618298195866545,0.1918806482200494,0
582,0.4119429204355498,0.1918806482200494,0
583,0.4119429204355498,0.1918806482200494,0
584,0.41267787716696214,0.1918806482200494,1
585,0.03015113445777636,0.1918806482200494,0
586,0.046056618647183835,0.1918806482200494,0
587,0.05222329678670935,0.1918806482200494,0
588,0.04264014327112209,0.1918806482200494,0
589,0.034815531191139566,0.1918806482200494,0
590,0.017407765595569783,0.1918806482200494,0
591,0.4414164528520486,0.1918806482200494,1
592,0.4414164528520486,0.1918806482200494,0
593,0.4403855060505442,0.1918806482200494,0
594,0.03892494720807615,0.1918806482200494,0
595,0.04264014327112209,0.1918806482200494,0
596,0.03892494720807615,0.1918806482200494,0
597,0.04264014327112209,0.1918806482200494,0
598,0.03892494720807615,0.1918806482200494,0
599,0.024618298195866545,0.1918806482200494,0
600,0.2645751311064591,0.1918806482200494,0
601,0.266855993397415,0.1918806482200494,1
602,0.266855993397415,0.1918806482200494,0
603,0.04264014327112209,0.1918806482200494,0
604,0.0,0.1918806482200494,0
605,0.0,0.1918806482200494,0
606,0.034815531191139566,0.1918806482200494,0
607,0.024618298195866545,0.1918806482200494,0
608,0.024618298195866545,0.1918806482200494,0
609,0.6157035886617107,0.1918806482200494,0
610,0.6166871413472397,0.1918806482200494,0
611,0.6174237776536641,0.1918806482200494,1
612,0.046056618647183835,0.1918806482200494,0
613,0.03892494720807615,0.1918806482200494,0
614,0.034815531191139566,0.1918806482200494,0
615,0.04923659639173309,0.1918806482200494,0
616,0.046056618647183835,0.1918806482200494,0
617,0.04264014327112209,0.1918806482200494,0
618,0.5867217604984702,0.1918806482200494,0
619,0.5872380137972038,0.1918806482200494,0
620,0.5877538136452587,0.1918806482200494,1
621,0.07177405625652734,0.1918806482200494,0
622,0.06513389472789297,0.1918806482200494,0
623,0.06276459144608479,0.1918806482200494,0
624,0.07177405625652734,0.1918806482200494,0
625,0.08164965809277261,0.1918806482200494,0
626,0.07385489458759964,0.1918806482200494,0
627,0.49817850032073663,0.1918806482200494,0
628,0.5009082659620331,0.1918806482200494,0
629,0.5012106555253202,0.1918806482200494,1
630,0.05773502691896258,0.1918806482200494,0
631,0.06030226891555272,0.1918806482200494,0
632,0.05222329678670935,0.1918806482200494,0
633,0.06741998624632421,0.1918806482200494,0
634,0.06513389472789297,0.1918806482200494,0
635,0.05773502691896258,0.1918806482200494,0
636,0.05504818825631803,0.1918806482200494,0
637,0.18667748886377503,0.1918806482200494,0
638,0.19069251784911845,0.1918806482200494,0
639,0.18829377433825437,0.1918806482200494,0
640,0.07977240352174657,0.1918806482200494,0
641,0.07587869106393282,0.1918806482200494,0
642,0.06963106238227913,0.1918806482200494,0
643,0.06276459144608479,0.1918806482200494,0
644,0.1,0.1918806482200494,0
645,0.4400413203738527,0.1918806482200494,0
646,0.4414164528520486,0.1918806482200494,1
647,0.4351941398892446,0.1918806482200494,0
648,0.034815531191139566,0.1918806482200494,0
649,0.03892494720807615,0.1918806482200494,0
650,0.05222329678670935,0.1918806482200494,0
651,0.04923659639173309,0.1918806482200494,0
652,0.03015113445777636,0.1918806482200494,0
653,0.03892494720807615,0.1918806482200494,0
654,0.44312936752559784,0.1918806482200494,0
655,0.44381268229929727,0.1918806482200494,1
656,0.4351941398892446,0.1918806482200494,0
657,0.10298573010888745,0.1918806482200494,0
658,0.09534625892455922,0.1918806482200494,0
659,0.06030226891555272,0.1918806482200494,0
660,0.05504818825631803,0.1918806482200494,0
661,0.07977240352174657,0.1918806482200494,0
662,0.07977240352174657,0.1918806482200494,0
663,0.2052345295539036,0.1918806482200494,0
664,0.20961725582450014,0.1918806482200494,1
665,0.2088931871468374,0.1918806482200494,0
666,0.06276459144608479,0.1918806482200494,0
667,0.05222329678670935,0.1918806482200494,0
668,0.04923659639173309,0.1918806482200494,0
669,0.03015113445777636,0.1918806482200494,0
670,0.017407765595569783,0.1918806482200494,0
671,0.0,0.1918806482200494,0
672,0.43727808224529296,0.1918806482200494,0
673,0.453270940447924,0.1918806482200494,1
674,0.43239992711573966,0.1918806482200494,0
675,0.14770978917519928,0.1918806482200494,0
676,0.11146408580454255,0.1918806482200494,0
677,0.13142574813455418,0.1918806482200494,0
678,0.14873201444615788,0.1918806482200494,0
679,0.15374122295716147,0.1918806482200494,0
680,0.16696942198734438,0.1918806482200494,0
681,0.14668044012461756,0.1918806482200494,0
682,0.47258156262526085,0.1918806482200494,0
683,0.47958315233127197,0.1918806482200494,1
684,0.47736651315188405,0.1918806482200494,0
685,0.180067327475704,0.1918806482200494,0
686,0.180067327475704,0.1918806482200494,0
687,0.18504708655481242,0.1918806482200494,0
688,0.20075614636426528,0.1918806482200494,0
689,0.17580981459830652,0.1918806482200494,0
690,0.1660595001069122,0.1918806482200494,0
691,0.2796101181678127,0.1918806482200494,0
692,0.29541957835039856,0.1918806482200494,1
693,0.27524094128159016,0.1918806482200494,0
694,0.2037526724122938,0.1918806482200494,0
695,0.180067327475704,0.1918806482200494,0
696,0.11281521496355325,0.1918806482200494,0
697,0.1874873733122184,0.1918806482200494,0
698,0.19617555526835775,0.1918806482200494,0
699,0.4864839839775475,0.1918806482200494,0
700,0.5146343214832109,0.1918806482200494,1
701,0.5122736011393154,0.1918806482200494,0
702,0.18586407545691702,0.1918806482200494,0
703,0.11415035273840826,0.1918806482200494,0
704,0.12909944487358055,0.1918806482200494,0
705,0.17320508075688773,0.1918806482200494,0
706,0.1874873733122184,0.1918806482200494,0
707,0.1874873733122184,0.1918806482200494,0
708,0.14974726182552528,0.1918806482200494,0
709,0.45025245443781065,0.1918806482200494,0
710,0.4628632889335946,0.1918806482200494,1
711,0.4562694578665311,0.1918806482200494,0
712,0.14873201444615788,0.1918806482200494,0
713,0.11009637651263605,0.1918806482200494,0
714,0.1556997888323046,0.1918806482200494,0
715,0.13483997249264842,0.1918806482200494,0
716,0.11547005383792516,0.1918806482200494,0
717,0.15275252316519466,0.1918806482200494,0
718,0.4410730716621165,0.1918806482200494,1
719,0.4410730716621165,0.1918806482200494,0
720,0.43169854802122787,0.1918806482200494,0
721,0.07977240352174657,0.1918806482200494,0
722,0.05504818825631803,0.1918806482200494,0
723,0.05504818825631803,0.1918806482200494,0
724,0.11547005383792516,0.1918806482200494,0
725,0.11146408580454255,0.1918806482200494,0
726,0.024618298195866545,0.1918806482200494,0
727,0.21105794120443455,0.1918806482200494,0
728,0.21391020489349208,0.1918806482200494,1
729,0.18829377433825437,0.1918806482200494,0
730,0.05504818825631803,0.1918806482200494,0
731,0.06030226891555272,0.1918806482200494,0
732,0.06276459144608479,0.1918806482200494,0
733,0.04923659639173309,0.1918806482200494,0
734,0.03015113445777636,0.1918806482200494,0
735,0.05504818825631803,0.1918806482200494,0
736,0.4536050878876644,0.1918806482200494,0
737,0.45593726309525073,0.1918806482200494,1
738,0.45527214638359687,0.1918806482200494,0
739,0.08703882797784893,0.1918806482200494,0
740,0.0778498944161523,0.1918806482200494,0
741,0.07977240352174657,0.1918806482200494,0
742,0.0778498944161523,0.1918806482200494,0
743,0.06963106238227913,0.1918806482200494,0
744,0.06030226891555272,0.1918806482200494,0
745,0.4569331228832933,0.1918806482200494,0
746,0.46253582989795927,0.1918806482200494,1
747,0.4608950449117916,0.1918806482200494,0
748,0.0778498944161523,0.1918806482200494,0
749,0.09692233691951198,0.1918806482200494,0
750,0.10588730430094635,0.1918806482200494,0
751,0.10150384378451047,0.1918806482200494,0
752,0.05504818825631803,0.1918806482200494,0
753,0.05773502691896258,0.1918806482200494,0
754,0.24679767200905867,0.1918806482200494,1
755,0.2449489742783178,0.1918806482200494,0
756,0.2412090756622109,0.1918806482200494,0
757,0.046056618647183835,0.1918806482200494,0
758,0.05504818825631803,0.1918806482200494,0
759,0.05222329678670935,0.1918806482200494,0
760,0.05504818825631803,0.1918806482200494,0
761,0.04264014327112209,0.1918806482200494,0
762,0.4242640687119285,0.1918806482200494,1
763,0.4239067936433311,0.1918806482200494,0
764,0.4235492172037854,0.1918806482200494,0
765,0.046056618647183835,0.1918806482200494,0
766,0.05773502691896258,0.1918806482200494,0
767,0.05222329678670935,0.1918806482200494,0
768,0.05222329678670935,0.1918806482200494,0
769,0.04264014327112209,0.1918806482200494,0
770,0.04923659639173309,0.1918806482200494,0
771,0.44991581704163547,0.1918806482200494,0
772,0.45159649460485624,0.1918806482200494,0
773,0.4542726454054177,0.1918806482200494,1
774,0.09534625892455922,0.1918806482200494,0
775,0.09045340337332909,0.1918806482200494,0
776,0.06030226891555272,0.1918806482200494,0
777,0.06741998624632421,0.1918806482200494,0
778,0.06741998624632421,0.1918806482200494,0
779,0.05504818825631803,0.1918806482200494,0
780,0.26514718611184673,0.1918806482200494,0
781,0.2870962250261094,0.1918806482200494,1
782,0.2865679886540228,0.1918806482200494,0
783,0.11415035273840826,0.1918806482200494,0
784,0.08348471099367219,0.1918806482200494,0
785,0.09211323729436767,0.1918806482200494,0
786,0.09045340337332909,0.1918806482200494,0
787,0.09534625892455922,0.1918806482200494,0
788,0.08348471099367219,0.1918806482200494,0
789,0.09045340337332909,0.1918806482200494,0
790,0.42852813634155185,0.1918806482200494,0
791,0.42958754002584215,0.1918806482200494,1
792,0.42888156166871283,0.1918806482200494,0
793,0.07177405625652734,0.1918806482200494,0
794,0.06963106238227913,0.1918806482200494,0
795,0.046056618647183835,0.1918806482200494,0
796,0.04264014327112209,0.1918806482200494,0
797,0.03892494720807615,0.1918806482200494,0
798,0.03015113445777636,0.1918806482200494,0
799,0.419595765065147,0.1918806482200494,0
800,0.42604595000439976,0.1918806482200494,1
801,0.4239067936433311,0.1918806482200494,0
802,0.08348471099367219,0.1918806482200494,0
803,0.05773502691896258,0.1918806482200494,0
804,0.07177405625652734,0.1918806482200494,0
805,0.06513389472789297,0.1918806482200494,0
806,0.06963106238227913,0.1918806482200494,0
807,0.046056618647183835,0.1918806482200494,0
808,0.05222329678670935,0.1918806482200494,0
809,0.05773502691896258,0.1918806482200494,0
810,0.06513389472789297,0.1918806482200494,0
811,0.06276459144608479,0.1918806482200494,0
812,0.06276459144608479,0.1918806482200494,0
813,0.03892494720807615,0.1918806482200494,0
814,0.046056618647183835,0.1918806482200494,0
815,0.046056618647183835,0.1918806482200494,0
816,0.06513389472789297,0.1918806482200494,0
817,0.07177405625652734,0.1918806482200494,0
818,0.08164965809277261,0.1918806482200494,0
819,0.06276459144608479,0.1918806482200494,0
820,0.05773502691896258,0.1918806482200494,0
821,0.04923659639173309,0.1918806482200494,0
822,0.06276459144608479,0.1918806482200494,0
823,0.05773502691896258,0.1918806482200494,0
824,0.05222329678670935,0.1918806482200494,0
825,0.04923659639173309,0.1918806482200494,0
826,0.07385489458759964,0.1918806482200494,0
827,0.06741998624632421,0.1918806482200494,0
828,0.06513389472789297,0.1918806482200494,0
829,0.08876253645985946,0.1918806482200494,0
830,0.10150384378451047,0.1918806482200494,0
831,0.1087114613009218,0.1918806482200494,0
832,0.08164965809277261,0.1918806482200494,0
833,0.09534625892455922,0.1918806482200494,0
834,0.11281521496355325,0.1918806482200494,0
835,0.12431631210161222,0.1918806482200494,0
836,0.11934162828797101,0.1918806482200494,0
837,0.1337115846843043,0.1918806482200494,0
838,0.15763402186230246,0.1918806482200494,0
839,0.13026778945578593,0.1918806482200494,0
840,0.10730867399773196,0.1918806482200494,0
841,0.08703882797784893,0.1918806482200494,0
842,0.06030226891555272,0.1918806482200494,0
843,0.034815531191139566,0.1918806482200494,0
844,0.0,0.1918806482200494,0
845,0.03892494720807615,0.1918806482200494,0
846,0.06276459144608479,0.1918806482200494,0
847,0.0778498944161523,0.1918806482200494,0
848,0.08164965809277261,0.1918806482200494,0
849,0.08528028654224418,0.1918806482200494,0
850,0.08528028654224418,0.1918806482200494,0
851,0.07977240352174657,0.1918806482200494,0
852,0.08528028654224418,0.1918806482200494,0
853,0.1403458930534474,0.1918806482200494,0
854,0.1414213562373095,0.1918806482200494,0
855,0.11146408580454255,0.1918806482200494,0
856,0.1337115846843043,0.1918806482200494,0
857,0.12673044646258474,0.1918806482200494,0
858,0.09847319278346618,0.1918806482200494,0
859,0.1,0.1918806482200494,0
860,0.10150384378451047,0.1918806482200494,0
861,0.09692233691951198,0.1918806482200494,0
862,0.12309149097933274,0.1918806482200494,0
863,0.11415035273840826,0.1918806482200494,0
864,0.10150384378451047,0.1918806482200494,0
865,0.06741998624632421,0.1918806482200494,0
866,0.05504818825631803,0.1918806482200494,0
867,0.03015113445777636,0.1918806482200494,0
868,0.017407765595569783,0.1918806482200494,0
869,0.03892494720807615,0.1918806482200494,0
870,0.05222329678670935,0.1918806482200494,0
871,0.05222329678670935,0.1918806482200494,0
872,0.03892494720807615,0.1918806482200494,0
873,0.08528028654224418,0.1918806482200494,0
874,0.10150384378451047,0.1918806482200494,0
875,0.12431631210161222,0.1918806482200494,0
876,0.11547005383792516,0.1918806482200494,0
877,0.14459976109624423,0.1918806482200494,0
878,0.13142574813455418,0.1918806482200494,0
879,0.11009637651263605,0.1918806482200494,0
880,0.12552918289216958,0.1918806482200494,0
881,0.12431631210161222,0.1918806482200494,0
882,0.08528028654224418,0.1918806482200494,0
883,0.10298573010888745,0.1918806482200494,0
884,0.10730867399773196,0.1918806482200494,0
885,0.0778498944161523,0.1918806482200494,0
886,0.06276459144608479,0.1918806482200494,0
887,0.08164965809277261,0.1918806482200494,0
888,0.09211323729436767,0.1918806482200494,0
889,0.06741998624632421,0.1918806482200494,0
890,0.04264014327112209,0.1918806482200494,0
891,0.034815531191139566,0.1918806482200494,0
892,0.046056618647183835,0.1918806482200494,0
893,0.06276459144608479,0.1918806482200494,0
894,0.08703882797784893,0.1918806482200494,0
895,0.1,0.1918806482200494,0
896,0.12909944487358055,0.1918806482200494,0
897,0.12309149097933274,0.1918806482200494,0
898,0.12673044646258474,0.1918806482200494,0
899,0.11934162828797101,0.1918806482200494,0
900,0.12309149097933274,0.1918806482200494,0
901,0.13142574813455418,0.1918806482200494,0
902,0.11677484162422844,0.1918806482200494,0
903,0.1087114613009218,0.1918806482200494,0
904,0.1044465935734187,0.1918806482200494,0
905,0.12309149097933274,0.1918806482200494,0
906,0.12309149097933274,0.1918806482200494,0
907,0.12185435916898849,0.1918806482200494,0
908,0.12673044646258474,0.1918806482200494,0
909,0.12309149097933274,0.1918806482200494,0
910,0.1435481125130547,0.1918806482200494,0
911,0.1403458930534474,0.1918806482200494,0
912,0.1337115846843043,0.1918806482200494,0
913,0.13926212476455826,0.1918806482200494,0
914,0.1414213562373095,0.1918806482200494,0
915,0.11009637651263605,0.1918806482200494,0
916,0.1044465935734187,0.1918806482200494,0
917,0.09534625892455922,0.1918806482200494,0
918,0.11009637651263605,0.1918806482200494,0
919,0.10150384378451047,0.1918806482200494,0
920,0.09211323729436767,0.1918806482200494,0
921,0.07177405625652734,0.1918806482200494,0
922,0.10150384378451047,0.1918806482200494,0
923,0.11009637651263605,0.1918806482200494,0
924,0.08164965809277261,0.1918806482200494,0
925,0.06963106238227913,0.1918806482200494,0
926,0.07177405625652734,0.1918806482200494,0
927,0.07587869106393282,0.1918806482200494,0
928,0.09045340337332909,0.1918806482200494,0
929,0.09534625892455922,0.1918806482200494,0
930,0.08164965809277261,0.1918806482200494,0
931,0.08528028654224418,0.1918806482200494,0
932,0.08528028654224418,0.1918806482200494,0
933,0.0778498944161523,0.1918806482200494,0
934,0.06963106238227913,0.1918806482200494,0
935,0.06276459144608479,0.1918806482200494,0
936,0.06030226891555272,0.1918806482200494,0
937,0.06513389472789297,0.1918806482200494,0
938,0.07587869106393282,0.1918806482200494,0
939,0.06741998624632421,0.1918806482200494,0
940,0.06276459144608479,0.1918806482200494,0
941,0.05773502691896258,0.1918806482200494,0
942,0.06741998624632421,0.1918806482200494,0
943,0.06513389472789297,0.1918806482200494,0
944,0.06276459144608479,0.1918806482200494,0
945,0.05773502691896258,0.1918806482200494,0
946,0.04923659639173309,0.1918806482200494,0
947,0.03892494720807615,0.1918806482200494,0
948,0.024618298195866545,0.1918806482200494,0
949,0.03892494720807615,0.1918806482200494,0
950,0.03892494720807615,0.1918806482200494,0
951,0.03892494720807615,0.1918806482200494,0
952,0.03015113445777636,0.1918806482200494,0
953,0.03015113445777636,0.1918806482200494,0
954,0.04923659639173309,0.1918806482200494,0
955,0.06276459144608479,0.1918806482200494,0
956,0.06276459144608479,0.1918806482200494,0
957,0.06030226891555272,0.1918806482200494,0
958,0.06963106238227913,0.1918806482200494,0
959,0.06963106238227913,0.1918806482200494,0
960,0.06741998624632421,0.1918806482200494,0
961,0.05504818825631803,0.1918806482200494,0
962,0.05773502691896258,0.1918806482200494,0
963,0.06963106238227913,0.1918806482200494,0
964,0.06513389472789297,0.1918806482200494,0
965,0.05773502691896258,0.1918806482200494,0
966,0.03892494720807615,0.1918806482200494,0
967,0.03892494720807615,0.1918806482200494,0
968,0.04264014327112209,0.1918806482200494,0
969,0.04923659639173309,0.1918806482200494,0
970,0.04923659639173309,0.1918806482200494,0
971,0.046056618647183835,0.1918806482200494,0
972,0.04264014327112209,0.1918806482200494,0
973,0.03015113445777636,0.1918806482200494,0
974,0.03015113445777636,0.1918806482200494,0
975,0.03015113445777636,0.1918806482200494,0
976,0.034815531191139566,0.1918806482200494,0
977,0.04264014327112209,0.1918806482200494,0
978,0.05222329678670935,0.1918806482200494,0
979,0.05504818825631803,0.1918806482200494,0
980,0.05773502691896258,0.1918806482200494,0
981,0.06030226891555272,0.1918806482200494,0
982,0.06513389472789297,0.1918806482200494,0
983,0.07587869106393282,0.1918806482200494,0
984,0.06030226891555272,0.1918806482200494,0
985,0.06030226891555272,0.1918806482200494,0
986,0.06741998624632421,0.1918806482200494,0
987,0.06513389472789297,0.1918806482200494,0
988,0.05504818825631803,0.1918806482200494,0
989,0.06276459144608479,0.1918806482200494,0
990,0.06741998624632421,0.1918806482200494,0
991,0.06513389472789297,0.1918806482200494,0
992,0.06963106238227913,0.1918806482200494,0
993,0.06741998624632421,0.1918806482200494,0
994,0.06030226891555272,0.1918806482200494,0
995,0.05222329678670935,0.1918806482200494,0
996,0.046056618647183835,0.1918806482200494,0
997,0.05222329678670935,0.1918806482200494,0
998,0.04923659639173309,0.1918806482200494,0
999,0.06741998624632421,0.1918806482200494,0
1000,0.06741998624632421,0.1918806482200494,0
1001,0.06513389472789297,0.1918806482200494,0
1002,0.046056618647183835,0.1918806482200494,0
1003,0.06513389472789297,0.1918806482200494,0
1004,0.0778498944161523,0.1918806482200494,0
1005,0.07177405625652734,0.1918806482200494,0
1006,0.0778498944161523,0.1918806482200494,0
1007,0.06276459144608479,0.1918806482200494,0
1008,0.07177405625652734,0.1918806482200494,0
1009,0.06741998624632421,0.1918806482200494,0
1010,0.07977240352174657,0.1918806482200494,0
1011,0.08528028654224418,0.1918806482200494,0
1012,0.07977240352174657,0.1918806482200494,0
1013,0.07177405625652734,0.1918806482200494,0
1014,0.06741998624632421,0.1918806482200494,0
1015,0.06741998624632421,0.1918806482200494,0
1016,0.08164965809277261,0.1918806482200494,0
1017,0.08528028654224418,0.1918806482200494,0
1018,0.08703882797784893,0.1918806482200494,0
1019,0.05504818825631803,0.1918806482200494,0
1020,0.06276459144608479,0.1918806482200494,0
1021,0.07977240352174657,0.1918806482200494,0
1022,0.09045340337332909,0.1918806482200494,0
1023,0.0937436866561092,0.1918806482200494,0
1024,0.07587869106393282,0.1918806482200494,0
1025,0.08348471099367219,0.1918806482200494,0
1026,0.07385489458759964,0.1918806482200494,0
1027,0.0937436866561092,0.1918806482200494,0
1028,0.10588730430094635,0.1918806482200494,0
1029,0.12792042981336627,0.1918806482200494,0
1030,0.10588730430094635,0.1918806482200494,0
1031,0.11806521053804943,0.1918806482200494,0
1032,0.11934162828797101,0.1918806482200494,0
1033,0.11415035273840826,0.1918806482200494,0
1034,0.11415035273840826,0.1918806482200494,0
1035,0.11677484162422844,0.1918806482200494,0
1036,0.11934162828797101,0.1918806482200494,0
1037,0.1087114613009218,0.1918806482200494,0
1038,0.05222329678670935,0.1918806482200494,0
1039,0.1,0.1918806482200494,0
1040,0.11009637651263605,0.1918806482200494,0
1041,0.11934162828797101,0.1918806482200494,0
1042,0.11547005383792516,0.1918806482200494,0
1043,0.11146408580454255,0.1918806482200494,0
1044,0.09692233691951198,0.1918806482200494,0
1045,0.10150384378451047,0.1918806482200494,0
1046,0.12792042981336627,0.1918806482200494,0
1047,0.12909944487358055,0.1918806482200494,0
1048,0.11806521053804943,0.1918806482200494,0
1049,0.08876253645985946,0.1918806482200494,0
1050,0.0778498944161523,0.1918806482200494,0
1051,0.10298573010888745,0.1918806482200494,0
1052,0.10588730430094635,0.1918806482200494,0
1053,0.0778498944161523,0.1918806482200494,0
1054,0.11009637651263605,0.1918806482200494,0
1055,0.10588730430094635,0.1918806482200494,0
1056,0.09847319278346618,0.1918806482200494,0
1057,0.1,0.1918806482200494,0
1058,0.09045340337332909,0.1918806482200494,0
1059,0.09045340337332909,0.1918806482200494,0
1060,0.1,0.1918806482200494,0
1061,0.5166911040164104,0.1918806482200494,0
1062,0.5175700801618925,0.1918806482200494,0
1063,0.5125692857821982,0.1918806482200494,0
1064,0.046056618647183835,0.1918806482200494,0
1065,0.04923659639173309,0.1918806482200494,0
1066,0.04264014327112209,0.1918806482200494,0
1067,0.04923659639173309,0.1918806482200494,0
1068,0.04264014327112209,0.1918806482200494,0
1069,0.046056618647183835,0.1918806482200494,0
1070,0.04264014327112209,0.1918806482200494,0
1071,0.034815531191139566,0.1918806482200494,0
1072,0.03015113445777636,0.1918806482200494,0
1073,0.03892494720807615,0.1918806482200494,0
1074,0.03892494720807615,0.1918806482200494,0
1075,0.034815531191139566,0.1918806482200494,0
1076,0.024618298195866545,0.1918806482200494,0
1077,0.024618298195866545,0.1918806482200494,0
1078,0.024618298195866545,0.1918806482200494,0
1079,0.017407765595569783,0.1918806482200494,0
1080,0.024618298195866545,0.1918806482200494,0
1081,0.017407765595569783,0.1918806482200494,0
1082,0.017407765595569783,0.1918806482200494,0
1083,0.0,0.1918806482200494,0
1084,0.0,0.1918806482200494,0
1085,0.017407765595569783,0.1918806482200494,0
1086,0.024618298195866545,0.1918806482200494,0
1087,0.024618298195866545,0.1918806482200494,0
1088,0.024618298195866545,0.1918806482200494,0
1089,0.017407765595569783,0.1918806482200494,0
1090,0.017407765595569783,0.1918806482200494,0
1091,0.0,0.1918806482200494,0
1092,0.0,0.1918806482200494,0
1093,0.0,0.1918806482200494,0
1094,0.0,0.1918806482200494,0
1095,0.0,0.1918806482200494,0
1096,0.0,0.1918806482200494,0
1097,0.0,0.1918806482200494,0
1098,0.0,0.1918806482200494,0
1099,0.0,0.1918806482200494,0
1100,0.0,0.1918806482200494,0
1101,0.0,0.1918806482200494,0
1102,0.0,0.1918806482200494,0
1103,0.0,0.1918806482200494,0
1104,0.0,0.1918806482200494,0
1105,0.017407765595569783,0.1918806482200494,0
1106,0.017407765595569783,0.1918806482200494,0
1107,0.017407765595569783,0.1918806482200494,0
1108,0.0,0.1918806482200494,0
1109,0.0,0.1918806482200494,0
1110,0.0,0.1918806482200494,0
1111,0.0,0.1918806482200494,0
1112,0.0,0.1918806482200494,0
1113,0.017407765595569783,0.1918806482200494,0
1114,0.017407765595569783,0.1918806482200494,0
1115,0.0,0.1918806482200494,0
1116,0.024618298195866545,0.1918806482200494,0
1117,0.03015113445777636,0.1918806482200494,0
1118,0.03892494720807615,0.1918806482200494,0
1119,0.03892494720807615,0.1918806482200494,0
1120,0.03892494720807615,0.1918806482200494,0
1121,0.024618298195866545,0.1918806482200494,0
1122,0.024618298195866545,0.1918806482200494,0
1123,0.03015113445777636,0.1918806482200494,0
1124,0.04264014327112209,0.1918806482200494,0
1125,0.03892494720807615,0.1918806482200494,0
1126,0.034815531191139566,0.1918806482200494,0
1127,0.024618298195866545,0.1918806482200494,0
1128,0.03015113445777636,0.1918806482200494,0
1129,0.024618298195866545,0.1918806482200494,0
1130,0.024618298195866545,0.1918806482200494,0
1131,0.034815531191139566,0.1918806482200494,0
1132,0.03892494720807615,0.1918806482200494,0
1133,0.024618298195866545,0.1918806482200494,0
1134,0.03015113445777636,0.1918806482200494,0
1135,0.024618298195866545,0.1918806482200494,0
1136,0.03015113445777636,0.1918806482200494,0
1137,0.017407765595569783,0.1918806482200494,0
1138,0.03015113445777636,0.1918806482200494,0
1139,0.024618298195866545,0.1918806482200494,0
1140,0.024618298195866545,0.1918806482200494,0
1141,0.0,0.1918806482200494,0
1142,0.0,0.1918806482200494,0
1143,0.0,0.1918806482200494,0
1144,0.0,0.1918806482200494,0
1145,0.0,0.1918806482200494,0
1146,0.024618298195866545,0.1918806482200494,0
1147,0.03015113445777636,0.1918806482200494,0
1148,0.03015113445777636,0.1918806482200494,0
1149,0.017407765595569783,0.1918806482200494,0
1150,0.6669696281304606,0.1918806482200494,0
1151,0.6669696281304606,0.1918806482200494,0
1152,0.6669696281304606,0.1918806482200494,0
1153,0.0,0.1918806482200494,0
1154,0.0,0.1918806482200494,0
1155,0.0,0.1918806482200494,0
1156,0.0,0.1918806482200494,0
1157,0.0,0.1918806482200494,0
1158,0.0,0.1918806482200494,0
1159,0.0,0.1918806482200494,0
1160,0.0,0.1918806482200494,0
1161,0.0,0.1918806482200494,0
1162,0.0,0.1918806482200494,0
1163,0.0,0.1918806482200494,0
1164,0.0,0.1918806482200494,0
1165,0.0,0.1918806482200494,0
1166,0.0,0.1918806482200494,0
1167,0.0,0.1918806482200494,0
1168,0.0,0.1918806482200494,0
1169,0.0,0.1918806482200494,0
1170,0.0,0.1918806482200494,0
1171,0.0,0.1918806482200494,0
1172,0.0,0.1918806482200494,0
1173,0.0,0.1918806482200494,0
1174,0.0,0.1918806482200494,0
1175,0.0,0.1918806482200494,0
1176,0.0,0.1918806482200494,0
1177,0.0,0.1918806482200494,0
1178,0.0,0.1918806482200494,0
1179,0.0,0.1918806482200494,0
1180,0.0,0.1918806482200494,0
1181,0.0,0.1918806482200494,0
1182,0.0,0.1918806482200494,0
1183,0.0,0.1918806482200494,0
1184,0.0,0.1918806482200494,0
1185,0.0,0.1918806482200494,0
1186,0.0,0.1918806482200494,0
1187,0.0,0.1918806482200494,0
1188,0.0,0.1918806482200494,0
1189,0.0,0.1918806482200494,0
1190,0.0,0.1918806482200494,0
1191,0.0,0.1918806482200494,0
1192,0.0,0.1918806482200494,0
1193,0.0,0.1918806482200494,0
1194,0.0,0.1918806482200494,0
1195,0.0,0.1918806482200494,0
1196,0.0,0.1918806482200494,0
1197,0.0,0.1918806482200494,0
1198,0.0,0.1918806482200494,0
1199,0.0,0.1918806482200494,0
1200,0.0,0.1918806482200494,0
1201,0.0,0.1918806482200494,0
1202,0.0,0.1918806482200494,0
1203,0.0,0.1918806482200494,0
1204,0.0,0.1918806482200494,0
1205,0.0,0.1918806482200494,0
1206,0.0,0.1918806482200494,0
1207,0.0,0.1918806482200494,0
1208,0.0,0.1918806482200494,0
1209,0.0,0.1918806482200494,0
1210,0.0,0.1918806482200494,0
1211,0.0,0.1918806482200494,0
1212,0.0,0.1918806482200494,0
1213,0.0,0.1918806482200494,0
1214,0.0,0.1918806482200494,0
1215,0.0,0.1918806482200494,0
1216,0.0,0.1918806482200494,0
1217,0.0,0.1918806482200494,0
1218,0.0,0.1918806482200494,0
1219,0.0,0.1918806482200494,0
1220,0.0,0.1918806482200494,0
1221,0.0,0.1918806482200494,0
1222,0.0,0.1918806482200494,0
1223,0.0,0.1918806482200494,0
1224,0.0,0.1918806482200494,0
1225,0.0,0.1918806482200494,0
1226,0.0,0.1918806482200494,0
1227,0.0,0.1918806482200494,0
1228,0.0,0.1918806482200494,0
1229,0.0,0.1918806482200494,0
1230,0.0,0.1918806482200494,0
1231,0.0,0.1918806482200494,0
1232,0.0,0.1918806482200494,0
1233,0.0,0.1918806482200494,0
1234,0.0,0.1918806482200494,0
1235,0.0,0.1918806482200494,0
1236,0.0,0.1918806482200494,0
1237,0.0,0.1918806482200494,0
1238,0.0,0.1918806482200494,0
1239,0.0,0.1918806482200494,0
1240,0.0,0.1918806482200494,0
1241,0.0,0.1918806482200494,0
1242,0.0,0.1918806482200494,0
1243,0.0,0.1918806482200494,0
1244,0.0,0.1918806482200494,0
1245,0.0,0.1918806482200494,0
1246,0.0,0.1918806482200494,0
1247,0.0,0.1918806482200494,0
1248,0.0,0.1918806482200494,0
1249,0.0,0.1918806482200494,0
1250,0.0,0.1918806482200494,0
1251,0.0,0.1918806482200494,0
1252,0.0,0.1918806482200494,0
1253,0.0,0.1918806482200494,0
1254,0.0,0.1918806482200494,0
1255,0.0,0.1918806482200494,0
1256,0.0,0.1918806482200494,0
1257,0.0,0.1918806482200494,0
1258,0.0,0.1918806482200494,0
1259,0.0,0.1918806482200494,0
1260,0.0,0.1918806482200494,0
1261,0.0,0.1918806482200494,0
1262,0.0,0.1918806482200494,0
1263,0.0,0.1918806482200494,0
1264,0.0,0.1918806482200494,0
1265,0.0,0.1918806482200494,0
1266,0.0,0.1918806482200494,0
1267,0.0,0.1918806482200494,0
1268,0.0,0.1918806482200494,0
1269,0.0,0.1918806482200494,0
1270,0.0,0.1918806482200494,0
1271,0.0,0.1918806482200494,0
1272,0.0,0.1918806482200494,0
1273,0.0,0.1918806482200494,0
1274,0.0,0.1918806482200494,0
1275,0.0,0.1918806482200494,0
1276,0.0,0.1918806482200494,0
1277,0.0,0.1918806482200494,0
1278,0.0,0.1918806482200494,0
1279,0.0,0.1918806482200494,0
1280,0.0,0.1918806482200494,0
1281,0.0,0.1918806482200494,0
1282,0.0,0.1918806482200494,0
1283,0.0,0.1918806482200494,0
1284,0.0,0.1918806482200494,0
1285,0.0,0.1918806482200494,0
1286,0.0,0.1918806482200494,0
1287,0.0,0.1918806482200494,0
1288,0.0,0.1918806482200494,0
1289,0.0,0.1918806482200494,0
1290,0.0,0.1918806482200494,0
1291,0.0,0.1918806482200494,0
1292,0.0,0.1918806482200494,0
1293,0.0,0.1918806482200494,0
1294,0.0,0.1918806482200494,0
1295,0.0,0.1918806482200494,0
1296,0.0,0.1918806482200494,0
1297,0.0,0.1918806482200494,0
1298,0.0,0.1918806482200494,0
1299,0.0,0.1918806482200494,0
1300,0.0,0.1918806482200494,0
1301,0.0,0.1918806482200494,0
1302,0.0,0.1918806482200494,0
1303,0.0,0.1918806482200494,0
1304,0.0,0.1918806482200494,0
1305,0.0,0.1918806482200494,0
1306,0.0,0.1918806482200494,0
1307,0.0,0.1918806482200494,0
1308,0.0,0.1918806482200494,0
1309,0.0,0.1918806482200494,0
1310,0.0,0.1918806482200494,0
1311,0.0,0.1918806482200494,0
1312,0.0,0.1918806482200494,0
1313,0.0,0.1918806482200494,0
1314,0.0,0.1918806482200494,0
1315,0.0,0.1918806482200494,0
1316,0.0,0.1918806482200494,0
1317,0.0,0.1918806482200494,0
1318,0.0,0.1918806482200494,0
1319,0.0,0.1918806482200494,0
1320,0.0,0.1918806482200494,0
1321,0.0,0.1918806482200494,0
1322,0.0,0.1918806482200494,0
1323,0.0,0.1918806482200494,0
1324,0.0,0.1918806482200494,0
1325,0.0,0.1918806482200494,0
1326,0.0,0.1918806482200494,0
1327,0.0,0.1918806482200494,0
1328,0.0,0.1918806482200494,0
1329,0.0,0.1918806482200494,0
1330,0.0,0.1918806482200494,0
1331,0.0,0.1918806482200494,0
1332,0.0,0.1918806482200494,0
1333,0.0,0.1918806482200494,0
1334,0.0,0.1918806482200494,0
1335,0.0,0.1918806482200494,0
1336,0.0,0.1918806482200494,0
1337,0.0,0.1918806482200494,0
1338,0.0,0.1918806482200494,0
1339,0.0,0.1918806482200494,0
1340,0.0,0.1918806482200494,0
1341,0.0,0.1918806482200494,0
1342,0.0,0.1918806482200494,0
1343,0.0,0.1918806482200494,0
1344,0.0,0.1918806482200494,0
1345,0.0,0.1918806482200494,0
1346,0.0,0.1918806482200494,0
1347,0.0,0.1918806482200494,0
1348,0.0,0.1918806482200494,0
1349,0.0,0.1918806482200494,0
1350,0.0,0.1918806482200494,0
1351,0.0,0.1918806482200494,0
1352,0.0,0.1918806482200494,0
1353,0.0,0.1918806482200494,0
1354,0.0,0.1918806482200494,0
1355,0.0,0.1918806482200494,0
1356,0.0,0.1918806482200494,0
1357,0.0,0.1918806482200494,0
1358,0.0,0.1918806482200494,0
1359,0.0,0.1918806482200494,0
1360,0.0,0.1918806482200494,0
1361,0.0,0.1918806482200494,0
1362,0.0,0.1918806482200494,0
1363,0.0,0.1918806482200494,0
1364,0.0,0.1918806482200494,0
1365,0.0,0.1918806482200494,0
1366,0.0,0.1918806482200494,0
1367,0.0,0.1918806482200494,0
1368,0.0,0.1918806482200494,0
1369,0.0,0.1918806482200494,0
1370,0.0,0.1918806482200494,0
1371,0.0,0.1918806482200494,0
1372,0.0,0.1918806482200494,0
1373,0.0,0.1918806482200494,0
1374,0.0,0.1918806482200494,0
1375,0.0,0.1918806482200494,0
1376,0.0,0.1918806482200494,0
1377,0.0,0.1918806482200494,0
1378,0.0,0.1918806482200494,0
1379,0.0,0.1918806482200494,0
1380,0.0,0.1918806482200494,0
1381,0.0,0.1918806482200494,0
1382,0.0,0.1918806482200494,0
1383,0.0,0.1918806482200494,0
1384,0.0,0.1918806482200494,0
1385,0.0,0.1918806482200494,0
1386,0.0,0.1918806482200494,0
1387,0.0,0.1918806482200494,0
1388,0.0,0.1918806482200494,0
1389,0.0,0.1918806482200494,0
1390,0.0,0.1918806482200494,0
1391,0.0,0.1918806482200494,0
