shot,ammo_before,ammo_after,keyframe,time_sec,shot_time_ms,reticle_screen_x,reticle_screen_y,reticle_offset_x,reticle_offset_y_down,reticle_angle_deg,reticle_confidence,world_x_ref,world_y_ref,recoil_x_right_px,recoil_y_up_px,shot_delta_x_right_px,shot_delta_y_up_px,background_only_x_right_px,background_only_y_up_px,reticle_jitter_contribution_x_px,reticle_jitter_contribution_y_up_px,camera_step_center_dx,camera_step_center_dy_down,camera_rotation_since_prev_deg,cumulative_rotation_to_ref_deg,trainer_recoil_x_right_px,trainer_recoil_y_up_px,trainer_shot_delta_x_right_px,trainer_shot_delta_y_up_px,trajectory_correction
1,60,59,210,1.75,0,1277.2392573500197,709.076792194517,-2.7607426499803296,-10.923207805483003,-0.5,90.5331802368164,1275.8459956317706,713.3454956452001,-2.7116927162128377,6.727213974774031,-2.7116927162128377,6.727213974774031,-1.516440553752318,-4.29909897313496,-1.1952521624605197,11.026312947908991,1.4679332157334102,-4.315902687505854,-0.6452085520816802,0.6452085520816799,-2.7116927162128377,6.727213974774031,-2.7116927162128377,6.727213974774031,
2,59,58,221,1.8416666666666666,92,1283.6636111860196,704.5073993537515,3.6636111860195797,-15.492600646248547,0.0,82.42924118041992,1295.6329665077888,676.0488757674259,17.075278159805293,44.02383385254825,19.78697087601813,37.29661987777422,11.86878824071573,28.482650368609256,5.206489919089563,15.541183483938994,-13.171986684338663,32.8680119047807,0.27299608019216826,0.3722124718895117,17.075278159805293,44.02383385254825,19.78697087601813,37.29661987777422,
3,58,57,232,1.9333333333333333,183,1290.5879916309339,695.7457315292809,10.587991630933857,-24.254268470719126,-1.25,80.76383590698242,1302.3892491526922,633.6981505067351,23.831560804708715,86.374559113239,6.756282644903422,42.35072526069075,11.796552107839943,62.04963567385391,12.035008696868772,24.32492343938509,0.07874852123859455,33.566970658845435,0.361096417094171,0.011116054795340948,23.831560804708715,86.374559113239,6.756282644903422,42.35072526069075,
4,57,56,241,2.0083333333333333,258,1290.314379316492,691.8723122836428,10.314379316492023,-28.127687716357173,-1.75,89.28598022460938,1309.6129808868307,617.036622347794,31.055292538847198,103.03608727218011,7.223731734138482,16.66152815894111,19.59365992334301,74.72924149782693,11.461632615504186,28.306845774353178,-7.929434178772681,12.597276203307615,0.6110059355853783,-0.599889880790036,31.055292538847198,103.03608727218011,7.223731734138482,16.66152815894111,
5,56,55,252,2.1,350,1286.8990484065637,694.3705466530735,6.899048406563679,-25.62945334692654,-0.75,90.88218688964844,1308.7162795174834,597.8418709127928,30.158591169499914,122.2308387071813,-0.8967013693472836,19.194751435001194,21.916271754650552,96.50222056297423,8.242319414849362,25.728618144207076,-2.4066887495996525,21.763845991754806,-0.3785946173973572,-0.22129526339267896,30.158591169499914,122.2308387071813,-0.8967013693472836,19.194751435001194,
6,55,54,263,2.191666666666667,442,1288.7242146824124,695.5347746848289,8.724214682412367,-24.465225315171097,-0.5,79.04901123046875,1318.0907283905544,565.5623145964884,39.533040042570974,154.51039502348578,9.37444887307106,32.27955631630448,29.303747760981878,129.994933042895,10.229292281589096,24.51546198059077,-7.301486213924363,33.5115635277532,-0.3683560115981589,0.14706074820547954,39.533040042570974,154.51039502348578,9.37444887307106,32.27955631630448,
7,54,53,273,2.275,525,1279.8466592746352,701.4361762666376,-0.153340725364842,-18.56382373336237,-1.0,68.54237365722656,1303.3335040184827,554.6825670208002,24.77581567049924,165.39014259917394,-14.757224372071732,10.879747575688157,23.348891185810317,146.75298232165312,1.426924484688925,18.63716027752082,6.079222619746815,16.713335537818466,-0.2787128919846478,0.42577364019012715,24.77581567049924,165.39014259917394,-14.757224372071732,10.879747575688157,
8,53,52,284,2.3666666666666667,617,1285.3958318921175,699.1868495482444,5.395831892117485,-20.813150451755632,0.25,99.08617401123047,1310.9479550099118,524.4355453805679,32.39026666192831,195.63716423940627,7.614450991429067,30.247021640232333,25.442350610558606,174.78007217170875,6.9479160513697025,20.857092067697522,-1.9455088750648883,28.037748359010607,0.12337653473536335,0.3023971054547639,32.39026666192831,195.63716423940627,7.614450991429067,30.247021640232333,
9,52,51,295,2.4583333333333335,708,1292.4815735651978,699.6637957365074,12.481573565197777,-20.33620426349262,0.0,89.44800186157227,1311.8768085907393,499.9807255119281,33.319120242755844,220.09198410804606,0.9288535808275356,24.454819868639788,19.23031728973001,199.7852155704095,14.088802953025834,20.30676853763657,6.415116010399743,24.953814156192152,-0.16341393161525025,0.46581103707001403,33.319120242755844,220.09198410804606,0.9288535808275356,24.454819868639788,
10,51,50,305,2.5416666666666665,792,1288.862736066026,703.8077558571936,8.862736066025946,-16.19224414280643,0.5,65.24517440795898,1287.875272342827,478.545996275502,9.317583994843517,241.52671334447217,-24.001536247912327,21.434729236426108,-0.903593052723636,225.21613491966122,10.221177047567153,16.310578424810956,20.002103146272248,25.5347189988845,0.7621667566689934,-0.2963557195989782,9.317583994843517,241.52671334447217,-24.001536247912327,21.434729236426108,
11,50,49,316,2.6333333333333333,883,1281.1839185607087,700.450862323327,1.183918560708662,-19.549137676673013,1.75,55.495391845703125,1271.033444767678,453.2127077997849,-7.524243580305438,266.86000182018927,-16.841827575148955,25.333288475717097,-9.961578403061367,247.22763024123435,2.437334822755929,19.632371578954917,8.84493677692626,22.09796638405328,0.2571168775984247,-0.5534725971974027,-7.524243580305438,266.86000182018927,-16.841827575148955,25.333288475717097,
12,49,48,326,2.716666666666667,967,1290.1171884508053,701.9959246618016,10.117188450805315,-18.00407533819839,1.25,81.20917510986328,1277.389627834124,436.08337771939796,-1.1680605138594728,283.9893319005762,6.356183066445965,17.12933008038692,-12.463198154708834,265.7665244580994,11.295137640849362,18.22280744247678,2.230250737273991,18.573494065867862,0.28441592669255716,-0.8378885238899598,-1.1680605138594728,283.9893319005762,6.356183066445965,17.12933008038692,
13,48,47,337,2.808333333333333,1058,1287.052634036967,703.6902848824182,7.052634036966992,-16.309715117581845,1.75,57.44773864746094,1266.4406767823964,426.20150075652816,-12.117011565587063,293.871208863446,-10.94895105172759,9.881876962869796,-20.382902218087338,277.39163410413994,8.265890652500275,16.479574759306047,7.756156452129289,11.73485934402538,-0.03562420774386717,-0.8022643161460927,-12.117011565587063,293.871208863446,-10.94895105172759,9.881876962869796,
14,47,46,348,2.9,1150,1285.9534105512253,701.0507894374739,5.953410551225261,-18.949210562526105,1.5,78.61357498168945,1254.7171488491044,403.1376763478091,-23.840539498879025,316.9350332721651,-11.723527933291962,23.063824408719086,-30.868811902056223,297.80155974774874,7.028272403177198,19.13347352441633,10.089373403646732,20.60883089842264,0.3054800175481282,-1.107744333694221,-23.840539498879025,316.9350332721651,-11.723527933291962,23.063824408719086,
15,46,45,358,2.9833333333333334,1233,1277.9857068012025,702.6659890955909,-2.0142931987975317,-17.33401090440907,1.75,68.22380256652832,1247.1066021881338,395.1609177925567,-31.451086159849638,324.91179182741746,-7.610546660970613,7.976758555252388,-30.7948673066644,307.5150676368065,-0.6562188531852371,17.39672419061094,-0.12116135145265616,9.713033678562397,-0.8292268726230696,-0.27851746107115105,-31.451086159849638,324.91179182741746,-7.610546660970613,7.976758555252388,
16,45,44,369,3.075,1325,1278.7668992163794,700.3355533271465,-1.2331007836205572,-19.6644466728535,2.25,83.39875030517578,1244.6970183952076,376.8371917070302,-33.86066995277588,343.235517912944,-2.4095837929262416,18.323726085526516,-33.96063289765834,323.5055170136374,0.09996294488246349,19.73000089930656,3.076864597450367,16.007793330096092,0.03985243600864884,-0.3183698970797999,-33.86066995277588,343.235517912944,-2.4095837929262416,18.323726085526516,
17,44,43,379,3.158333333333333,1408,1286.179747774137,701.2205866231131,6.179747774137013,-18.77941337688685,2.0,77.66416931152344,1246.5448108096311,365.4567338367846,-32.01287753835231,354.6159757831895,1.8477924144235658,11.38045787024555,-39.515920169095125,335.7251050060922,7.5030426307428115,18.890870777097348,5.477813413144531,12.254513763683349,0.04437357110115812,-0.3627434681809581,-32.01287753835231,354.6159757831895,1.8477924144235658,11.38045787024555,
18,43,42,390,3.25,1500,1277.4984918266298,699.3961833439262,-2.501508173370212,-20.603816656073832,2.25,44.47440433502197,1228.1443787020587,340.05673538555243,-50.413309645924755,380.0159742344217,-18.400432107572442,25.399998451232193,-49.34743482117824,359.34025986911195,-1.0658748247465155,20.675714365309773,9.823859618262532,23.61834036843402,-0.34417185395038463,-0.018571614230573765,-50.413309645924755,380.0159742344217,-18.400432107572442,25.399998451232193,
19,42,41,400,3.3333333333333335,1583,1285.0962381345994,703.3305820779084,5.096238134599389,-16.66941792209161,2.0,80.78972625732422,1235.7611533404315,335.96465773161697,-42.79653500755194,384.1080518883572,7.616774638372817,4.092077653935462,-49.137644465931544,367.30683614744487,6.341109458379606,16.801215740912312,-0.30396528663936806,7.963539081097679,0.658857660450329,-0.677429274680903,-42.79653500755194,384.1080518883572,7.616774638372817,4.092077653935462,
20,41,40,411,3.425,1675,1284.0288196628085,701.9318669038568,4.028819662808473,-18.068133096143242,2.25,72.71187973022461,1227.9506389068076,319.6764118724671,-50.60704944117583,400.39629774750705,-7.810514433623894,16.288245859149868,-55.7393845865065,382.1832312381503,5.132335145330671,18.213066509356736,6.322217252223481,14.997322178644254,0.3947515409132674,-1.0721808155941706,-50.60704944117583,400.39629774750705,-7.810514433623894,16.288245859149868,
21,40,39,422,3.5166666666666666,1767,1291.3851127427156,700.1582470316043,11.385112742715592,-19.841752968395667,1.75,81.56104278564453,1225.9232455703743,294.43851223880307,-52.63444277760914,425.6341973811711,-2.027393336433306,25.23789963366403,-65.03840776635639,405.48269025864414,12.403964988747248,20.151507122526937,8.802685819310454,23.491473881252546,0.14330977902181397,-1.2154905946159846,-52.63444277760914,425.6341973811711,-2.027393336433306,25.23789963366403,
22,39,38,433,3.6083333333333334,1858,1284.9894813649298,699.3967989893488,4.989481364929816,-20.60320101065122,1.5,89.78776931762695,1224.8521124932718,278.0720341164985,-53.7055758547117,442.00067550347563,-1.0711330771025587,16.366478122304557,-59.681998559258545,421.21978747158886,5.976422704546849,20.780888031886775,-5.702001785871062,15.615201693141216,0.0475870729422674,-1.2630776675582518,-53.7055758547117,442.00067550347563,-1.0711330771025587,16.366478122304557,
23,38,37,444,3.7,1950,1287.382724710511,699.6584648980161,7.382724710510956,-20.341535101983936,2.0,41.11498260498047,1214.914617652222,262.95574299637394,-63.64307069576148,457.1169666236002,-9.937494841049784,15.116291120124572,-72.10881941014327,436.5758910139475,8.465748714381789,20.541075609652694,12.15452734583073,15.572516092881756,-0.25424728648716666,-1.008830381071085,-63.64307069576148,457.1169666236002,-9.937494841049784,15.116291120124572,
24,37,36,453,3.775,2025,1283.440656252641,701.6838353160294,3.44065625264102,-18.316164683970555,2.0,41.92427635192871,1211.7447165782705,256.49967407236005,-66.81297176971293,463.5730355476141,-3.1699010739514506,6.456068924013891,-71.57213602057459,445.16133759630867,4.759164250861659,18.411697951305428,-0.5946655848276805,8.581625424209506,-0.6217961283493509,-0.38703425272173336,-66.81297176971293,463.5730355476141,-3.1699010739514506,6.456068924013891,
25,36,35,465,3.875,2125,1288.91479497711,699.2476768029409,8.914794977109977,-20.752323197059127,1.5,84.45811080932617,1214.4456492326208,239.43950201248822,-64.11203911536268,480.63320760748593,2.700932654350254,17.06017205987183,-74.45295186440376,459.80122569595164,10.340912749041081,20.831981911534285,2.869392782273053,14.642131284658035,-0.34233151726463956,-0.044702735457093454,-64.11203911536268,480.63320760748593,2.700932654350254,17.06017205987183,
26,35,34,475,3.9583333333333335,2208,1284.782376856725,702.5426536327553,4.782376856725023,-17.457346367244668,2.0,60.414493560791016,1206.6831976148908,226.59532630826249,-71.87449073309267,493.47738331171166,-7.762451617729994,12.844175704225734,-78.03360252616403,475.9294950942229,6.159111793071361,17.547888217488776,3.520072389876759,16.1415991560566,0.17041281272951647,-0.21511554818661002,-71.87449073309267,493.47738331171166,-7.762451617729994,12.844175704225734,
27,34,33,486,4.05,2300,1283.8608024668936,698.3709213167627,3.860802466893574,-21.629078683237253,1.25,63.179697036743164,1202.688512071643,210.39324697714136,-75.86917627634057,509.6794626428328,-3.994685543247897,16.202079331121126,-80.93500189463225,487.9366587242578,5.065825618291683,21.742803918574964,2.7696255293208196,12.038242029512276,0.4128638137352974,-0.6279793619219075,-75.86917627634057,509.6794626428328,-3.994685543247897,16.202079331121126,
28,33,32,497,4.141666666666667,2392,1283.7777876248322,699.5918858849634,3.777787624832172,-20.408114115036597,2.0,93.53662872314453,1199.0956910558116,193.674191582913,-79.46199729217187,526.3985180370612,-3.592821015831305,16.71905539422835,-84.40917045957258,505.86905533091345,4.947173167400706,20.529462706147683,3.23433744731733,17.97720102109588,0.13733729075707932,-0.7653166526789867,-79.46199729217187,526.3985180370612,-3.592821015831305,16.71905539422835,
29,32,31,510,4.25,2500,1290.122906737705,703.6011107410103,10.12290673770508,-16.398889258989698,1.5,68.12948226928711,1201.6435752313325,185.36363934044806,-76.91411311665092,534.709070279526,2.5478841755209487,8.31055224246495,-88.218856177195,518.0795114284642,11.30474306054407,16.629558851061915,3.6162039923235625,12.269148791304701,0.14037242937915206,-0.9056890820581389,-76.91411311665092,534.709070279526,2.5478841755209487,8.31055224246495,
30,31,30,522,4.35,2600,1287.000023092526,700.037737021635,7.0000230925259075,-19.962262978364947,2.0,53.54578399658203,1189.1071710329848,153.91175846958834,-89.4505173149987,566.1609511503858,-12.536404198347782,31.451880870859725,-97.70258096112775,546.0602724798069,8.252063646129045,20.100678670578873,9.217039908411607,28.069738155466666,-0.3604735088545213,-0.545215573203618,-89.4505173149987,566.1609511503858,-12.536404198347782,31.451880870859725,
31,30,29,531,4.425,2675,1291.1434924118835,698.3589849357246,11.143492411883472,-21.641015064275393,1.5,48.39893913269043,1189.6993889541752,135.27660286041885,-88.85829939380824,584.7961067595553,0.5922179211904677,18.635155609169487,-101.10070491480201,562.9089769417583,12.24240552099377,21.887129817797017,3.1314286615370293,16.900303044277507,0.36030418719725826,-0.9055197604008758,-88.85829939380824,584.7961067595553,0.5922179211904677,18.635155609169487,
32,29,28,546,4.55,2800,1291.54480558692,712.3768714088803,11.544805586919892,-7.6231285911196665,0.0,45.425774574279785,1191.840003945942,138.58884718359684,-86.71768440204141,581.4838624363773,2.1406149917668245,-3.3122443231779926,-99.67247977703028,573.7392987976657,12.954795374988862,7.744563638711611,-1.4739861670805112,10.824188806832694,-0.6633614421189803,-0.24215831828189616,-86.71768440204141,581.4838624363773,2.1406149917668245,-3.3122443231779926,
33,28,27,560,4.666666666666667,2917,1290.7977813716243,697.2471362719552,10.797781371624296,-22.75286372804476,2.0,64.65114212036133,1192.9009257905398,103.32948054667202,-85.6567625574437,616.7432290733021,1.0609218445977149,35.259366636924824,-97.7949612421155,593.8695788814777,12.138198684671806,22.87365019182448,-1.9675537553109734,20.121679460761356,0.014158620883939847,-0.25631693916583603,-85.6567625574437,616.7432290733021,1.0609218445977149,35.259366636924824,
34,27,26,570,4.75,3000,1286.5032939485502,701.4804676063033,6.503293948550208,-18.51953239369675,1.25,44.4113883972168,1180.3025832922785,100.68160860268597,-98.25510505570492,619.3911010172882,-12.598342498261218,2.647871943986047,-106.07883307302905,600.7565100962439,7.823728017324129,18.634590921044264,8.238422010378144,6.941235974006986,0.12031627386098552,-0.3766332130268216,-98.25510505570492,619.3911010172882,-12.598342498261218,2.647871943986047,
35,26,25,580,4.833333333333333,3083,1297.0203398360447,703.9401069583677,17.02033983604474,-16.059893041632336,0.0,49.08598804473877,1192.708017943478,90.65978773666518,-85.84967040450556,629.412921883309,12.405434651199357,10.02182086602079,-104.05763864459118,613.0146221724972,18.20796824008562,16.398299710811784,-2.2137309921567976,12.224808124706783,0.5245097068792196,-0.9011429199060415,-85.84967040450556,629.412921883309,12.405434651199357,10.02182086602079,
36,25,24,588,4.9,3150,1293.55224507084,705.5516217567646,13.552245070839945,-14.448378243235425,1.75,66.02059745788574,1186.3752840910013,80.27276782961553,-92.18240425698218,639.7999417903586,-6.332733852476622,10.387019907049648,-106.87778731559752,625.003948616391,14.695383058615334,14.795993173967645,2.5736652560490256,12.044643384286474,0.27402409626369084,-1.175167016169732,-92.18240425698218,639.7999417903586,-6.332733852476622,10.387019907049648,
37,24,23,601,5.008333333333334,3258,1287.2647589251858,699.7958211420837,7.264758925185788,-20.204178857916304,1.5,37.862857818603516,1175.3365567163744,60.042240518292374,-103.22113163160907,660.0304691016818,-11.038727374626887,20.230527311323158,-111.59010682601297,639.6351883418569,8.368975194403902,20.395280759824914,4.467557676130809,14.707823070826635,-0.21920636674812183,-0.9559606494216102,-103.22113163160907,660.0304691016818,-11.038727374626887,20.230527311323158,
38,23,22,613,5.108333333333333,3358,1294.1347226752316,700.4889650221756,14.134722675231615,-19.51103497782435,1.5,78.89297866821289,1174.6021980127284,40.29709178384269,-103.95549033525504,679.7756178361315,-0.7343587036459667,19.745148734449685,-119.15181823288549,659.9216567864074,15.196327897630454,19.853961049724035,7.167213913357955,20.429178301457455,0.15429233391060454,-1.1102529833322143,-103.95549033525504,679.7756178361315,-0.7343587036459667,19.745148734449685,
39,22,21,623,5.191666666666666,3442,1294.2129619149764,697.306754009945,14.212961914976404,-22.693245990054947,2.0,73.87445068359375,1179.865463120007,22.048055757206043,-98.69222522797645,698.0246538627681,5.263265107278585,18.249036026636645,-113.94482515983941,675.011420325733,15.25259993186296,23.01323353703515,-5.472466506649198,14.99552769558693,-0.09912017181404777,-1.0111328115181666,-98.69222522797645,698.0246538627681,5.263265107278585,18.249036026636645,
40,21,20,635,5.291666666666667,3542,1285.471874301803,697.2646178860396,5.471874301802927,-22.73538211396044,2.0,87.43125534057617,1157.3952608622205,-0.469666269254958,-121.16242748576292,720.5423758892291,-22.470202257786468,22.517722026461,-127.81523463402482,697.6729615748012,6.6528071482619,22.8694143144279,13.609324904480445,22.81928978756946,-0.3533225084436658,-0.6578103030745013,-121.16242748576292,720.5423758892291,-22.470202257786468,22.517722026461,
41,20,19,644,5.366666666666666,3617,1293.0342168365864,708.1609777136307,13.034216836586438,-11.8390222863693,1.75,50.718780517578125,1169.5852461233003,2.298025772948222,-108.97244222468316,717.7746838470259,12.189985261079755,-2.76769204220318,-123.34375144788373,705.7481347164756,14.37130922320057,12.02654913055028,-4.542728636535003,8.03530955761903,-0.1510549087206734,-0.5067553943538282,-108.97244222468316,717.7746838470259,12.189985261079755,-2.76769204220318,
42,19,18,655,5.458333333333333,3708,1288.1992754358675,699.6089316991337,8.199275435867548,-20.391068300866323,1.25,71.11090469360352,1152.1825504413334,-26.18789185489686,-126.37513790665002,746.260601474871,-17.40269568196686,28.485917627845083,-135.98740255090524,725.7850574383648,9.61226464425522,20.47554403650622,12.614833182592065,20.055078388110815,-0.42438759604672477,-0.08236779830710446,-126.37513790665002,746.260601474871,-17.40269568196686,28.485917627845083,
43,18,17,665,5.541666666666667,3792,1288.030780562336,703.3090844296601,8.030780562336076,-16.69091557033994,1.5,62.336599349975586,1152.1657053517522,-32.620125054943856,-126.39198299623126,752.692834674918,-0.016845089581238426,6.432233200046994,-135.6555803918493,735.8300211739802,9.263597395618035,16.86281350093782,-0.4574963803574974,10.040024873326956,0.6346361935719164,-0.7170039918790186,-126.39198299623126,752.692834674918,-0.016845089581238426,6.432233200046994,
44,17,16,677,5.641666666666667,3892,1281.9447137240602,702.6313366433243,1.9447137240601933,-17.36866335667571,1.75,89.38400268554688,1140.802798789947,-44.07158221839245,-137.75488955803644,764.1442918383666,-11.362906561805175,11.451457163448595,-140.89355446808372,746.6769059095316,3.1386649100472823,17.46738592883503,5.082460049531619,10.920617232306881,0.10166098907936494,-0.8186649809583832,-137.75488955803644,764.1442918383666,-11.362906561805175,11.451457163448595,
45,16,15,687,5.725,3975,1277.857896376547,703.6960960289956,-2.1421036234530675,-16.303903971004388,1.75,62.65564727783203,1127.8631431613658,-61.805903163853486,-150.6945451866177,781.8786127838276,-12.93965562858125,17.734320945461036,-149.71342634133066,765.5414364571311,-0.9811188452870283,16.33717632669652,8.49267496321545,19.014077011808467,0.17115681923598194,-0.9898218001943644,-150.6945451866177,781.8786127838276,-12.93965562858125,17.734320945461036,
46,15,14,698,5.816666666666666,4067,1278.6348730896593,702.3161584048161,-1.3651269103406776,-17.683841595183935,2.25,82.88113021850586,1123.6379114809874,-74.40553927950441,-154.91977686699602,794.4782488994786,-4.225231680378329,12.599636115650924,-154.6750230629773,776.7495024877455,-0.24475380401872826,17.728746411733027,4.756584178697722,11.29659652841633,0.05405330859234558,-1.04387510878671,-154.91977686699602,794.4782488994786,-4.225231680378329,12.599636115650924,
47,14,13,708,5.9,4150,1287.9882200346033,703.2099737071358,7.988220034603273,-16.79002629286424,1.75,85.06809616088867,1126.3622876639654,-89.02374619527711,-152.19540068401807,809.0964558152513,2.7243761829779487,14.618206915772703,-161.3400536290144,792.1006678452025,9.144652944996324,16.99578797004881,6.403742712845087,15.461985304153927,-0.07219048117991005,-0.9716846276068005,-152.19540068401807,809.0964558152513,2.7243761829779487,14.618206915772703,
48,13,12,719,5.991666666666666,4242,1283.8484892317836,698.7828510475499,3.84848923178356,-21.21714895245009,2.25,65.0102367401123,1115.6221371112144,-107.57056239960912,-162.93555123676902,827.6432720195833,-10.740150552750947,18.546816204332004,-167.9569497964751,806.3063103331757,5.0213985597060855,21.336961686407562,6.436196692958447,14.288420679578962,-0.24499441147061127,-0.7266902161361914,-162.93555123676902,827.6432720195833,-10.740150552750947,18.546816204332004,
49,12,11,730,6.083333333333333,4333,1287.6036216119091,698.6576436282559,7.603621611909148,-21.34235637174413,2.25,84.81982803344727,1104.7381149713508,-127.34881244986752,-173.81957337663266,847.4215220698417,-10.884022139863646,19.778250050258407,-182.6574263116088,825.9334626687488,8.837852934976127,21.48805940109287,14.508753728869578,19.769299021735378,-0.16903492514631235,-0.5576552909898804,-173.81957337663266,847.4215220698417,-10.884022139863646,19.778250050258407,
50,11,10,739,6.158333333333333,4408,1278.113180717351,701.9475261688608,-1.8868192826489576,-18.052473831139196,1.5,81.35531234741211,1097.3118321987401,-132.16823219429637,-181.2458561492433,852.2409418142705,-7.426282772610648,4.819419744428842,-180.77595782619096,834.1184302164189,-0.46989832305234813,18.1225115978516,-1.892979576515927,8.182312982337407,-0.4770631819266536,-0.08059210906323064,-181.2458561492433,852.2409418142705,-7.426282772610648,4.819419744428842,
51,10,9,750,6.25,4500,1276.6891255389146,698.6125232167191,-3.3108744610854046,-21.38747678328093,1.5,56.15473556518555,1089.9403874468326,-149.1058487490875,-188.61730090115088,869.1785583690616,-7.371444751907575,16.937616554791134,-186.53448356373497,847.7526401269552,-2.082817337415918,21.42591824210649,5.621546066527571,13.69125700498057,0.49383842585467635,-0.5744305349179022,-188.61730090115088,869.1785583690616,-7.371444751907575,16.937616554791134,
52,9,8,762,6.35,4600,1282.9813538183123,703.6551605170037,2.9813538183123,-16.34483948299635,1.75,91.19678497314453,1091.8745599563272,-156.06277976006209,-186.68312839165628,876.1354893800362,1.9341725094946014,6.956931010974586,-190.94382621466002,859.6890523986434,4.2606978230037384,16.44643698139282,4.290218860619461,11.979743847885743,-0.0036670771709899443,-0.5707634577469124,-186.68312839165628,876.1354893800362,1.9341725094946014,6.956931010974586,
53,8,7,777,6.475,4725,1283.7085930301732,721.7276996807672,3.7085930301732333,1.7276996807671594,0.25,76.7170524597168,1080.4259271439068,-162.33868399674407,-198.1317612040766,882.4113936167182,-11.448632812420328,6.275904236681981,-203.29794005526173,884.0332109317111,5.166178851185123,-1.6218173149928816,12.136319045014261,24.453464856893106,-0.059318888898151165,-0.5114445688487617,-198.1317612040766,882.4113936167182,-11.448632812420328,6.275904236681981,
54,7,6,793,6.608333333333333,4858,1301.551040695626,741.189332981239,21.551040695625943,21.189332981238977,-0.5,77.4798412322998,1097.4664524868572,-161.60928683459986,-181.09123586112628,881.681996454574,17.040525342950332,-0.7293971621442097,-204.54658144837003,902.3182589051999,23.455345587243755,-20.63626245062585,0.845145279920871,18.308135191143833,0.7520523695932294,-1.2634969384419845,-181.09123586112628,881.681996454574,17.040525342950332,-0.7293971621442097,
55,6,5,803,6.691666666666666,4942,1290.90844226855,751.3226515734865,10.908442268550061,31.322651573486496,0.0,75.41031455993652,1077.43382263405,-160.7659668593035,-201.12386571393336,880.8386764792776,-20.032629852807077,-0.8433199752963674,-213.96938439278165,911.9119053396823,12.845518678848293,-31.073228860404697,9.269662855461092,9.741694810717263,-0.3559259577120279,-0.9075709807299599,-201.12386571393336,880.8386764792776,-20.032629852807077,-0.8433199752963674,
56,5,4,814,6.783333333333333,5033,1279.1262275703614,701.5753498845305,-0.8737724296386205,-18.42465011546949,2.25,85.35576248168945,1059.927857927836,-223.85859220980137,-218.62983042014753,943.9313018297755,-17.505964706214172,63.09262535049788,-218.97958481988212,925.4456204565304,0.3497543997345929,18.485681373245143,4.849094639373561,13.592271125978868,-0.22700046962752746,-0.6805705111024346,-218.62983042014753,943.9313018297755,-17.505964706214172,63.09262535049788,
57,4,3,824,6.866666666666666,5117,1287.1212954181024,704.165867219677,7.121295418102363,-15.834132780322989,2.25,74.16168975830078,1060.4954495449986,-232.11389711135826,-218.0622388029849,952.1866067313324,0.5675916171626341,8.255304901556883,-226.48268096978154,936.2161518669697,8.420442166796647,15.97045486436275,7.405605734363917,10.837795089641077,-0.16357059876808164,-0.5169999123343548,-218.0622388029849,952.1866067313324,0.5675916171626341,8.255304901556883,
58,3,2,835,6.958333333333333,5208,1288.289240457282,698.4034666416064,8.289240457281949,-21.59653335839357,2.25,62.099618911743164,1050.6581773882335,-256.5077901876041,-227.89951095974993,976.5804998075782,-9.837272156765039,24.39389307624583,-237.56964526920274,954.8877833703845,9.670134309452806,21.69271643719378,11.03384871326216,18.70306881099475,-0.3541466003968958,-0.1628533119374627,-227.89951095974993,976.5804998075782,-9.837272156765039,24.39389307624583,
59,2,1,849,7.075,5325,1281.560032344715,710.5898270504692,1.5600323447149549,-9.410172949530761,1.5,67.8314208984375,1061.734174615391,-242.22593354516027,-216.82351373259235,962.2986431651344,11.075997227157586,-14.281856642443813,-219.7187468754646,952.798628787275,2.8952331428722573,9.50001437785943,-17.82598684031086,-2.292015162419034,0.4887130839436348,-0.651566395881092,-216.82351373259235,962.2986431651344,11.075997227157586,-14.281856642443813,
60,1,0,860,7.166666666666667,5417,1283.6129647012629,685.9671754696044,3.612964701262854,-34.0328245303956,0.5,43.16683769226074,1113.4295702548488,-118.5403188477926,-165.12811809313462,838.6130284677668,51.69539563945773,-123.68561469736767,-169.74415779247101,804.4637270327222,4.6160396993363975,34.14930143504455,-48.05729266548178,-148.96710796082175,0.08742268821432375,-0.738989084095415,-224.19495848449992,968.5745474018164,-7.371444751907575,6.275904236681981,terminal-empty-animation-robust-extrapolation
