frame,step_center_dx,step_center_dy_down,step_rotation_deg,ransac_scale_diagnostic,good_matches,inliers,inlier_ratio,median_reprojection_error_px,status,center_x_in_reference,center_y_in_reference,rotation_to_reference_deg
509,0.0,0.0,0.0,nan,0,0,0.0,nan,reference,1280.0,720.0,0.0
510,-0.0375140126432143,-0.060971776518272236,-0.0003515112673725755,0.9999965153778673,731,719,0.9835841313269493,0.10163492573183433,ok,1280.0375136385787,720.0609720066666,0.0003515112673725755
511,-0.20290919469084656,-0.041326407372253016,-0.0002791912137747729,1.0000116710218094,687,677,0.9854439592430859,0.12625756589272083,ok,1280.2404223783433,720.1023006476273,0.0006307024811473483
512,-0.049682343785207195,-0.020266756119440288,0.000849493454179377,1.0000070792112223,784,779,0.9936224489795918,0.07431074141169033,ok,1280.2901047995194,720.1225672140285,-0.0002187909730320286
513,-0.04862912574208167,-0.03480058233458294,0.0007875322061931791,1.0000136543564235,718,714,0.9944289693593314,0.1068844532614859,ok,1280.3387345364793,720.1573669422525,-0.001006323179225208
514,-0.09296111241246763,-0.02271942436345853,0.0006166556618071555,0.9999897759952829,701,688,0.9814550641940085,0.10630111192146825,ok,1280.4316962924122,720.1800837333603,-0.0016229788410323633
515,-0.12837500658611134,-0.04748687779010652,0.001738136470476967,1.000019438656098,692,684,0.9884393063583815,0.1276199747843967,ok,1280.5600740844777,720.2275630802662,-0.0033611153115093305
516,-0.00046938377681726706,0.005714485377779965,0.00028866946826578256,1.0000127420809282,888,888,1.0,0.004725809894782766,ok,1280.5605431042368,720.2218485650002,-0.0036497847797751135
517,-0.10997283563324345,-0.02169731932895047,-0.0004627488083279537,0.9999906569443083,723,714,0.9875518672199171,0.11585620721308455,ok,1280.6705171465976,720.2435397671366,-0.0031870359714471596
518,-5.120425810303686,6.049790751753449,-0.5287645201380746,0.9995593928716643,327,283,0.8654434250764526,0.5651105774884834,ok,1285.846221829937,714.24097284542,0.5255774841666274
519,-2.8615979382007026,10.141176751974399,-0.4285121119655261,0.9994404355806094,424,372,0.8773584905660378,0.5206721000577036,ok,1288.8762861519394,704.1488512211415,0.9540895961321534
520,1.703454159364128,-0.9611925491142301,-0.12434384445984027,1.0001997641236695,385,357,0.9272727272727272,0.38445003459917826,ok,1287.155043026,705.077812625579,1.0784334405919938
521,1.274714735781572,-0.7639178027318394,0.24315046096184523,1.0000653301060183,410,368,0.8975609756097561,0.2332362688610987,ok,1285.8693274119455,705.8230665599704,0.8352829796301486
522,0.7904449598299834,-0.14847620247178384,0.48893916519584735,0.9999858163948929,380,335,0.881578947368421,0.268302870821449,ok,1285.0779993841281,705.9667619656458,0.3463438144343014
523,0.2581525837947538,-0.06613086601055329,0.5537039160589324,1.0000008521586692,378,334,0.8835978835978836,0.32671153253079976,ok,1284.82008782576,706.0338266808043,-0.207360101624631
524,-0.21773211717027152,0.5952004390985621,0.13907249365829333,1.0000281831708007,437,418,0.9565217391304348,0.33376212849039744,ok,1285.0342171712155,705.4373206364381,-0.3464325952829244
525,-0.9677915748902706,1.7386067497475324,0.21899470539912597,0.9999775813902392,292,275,0.9417808219178082,0.6139979142050755,ok,1285.9848043399577,703.6892479842529,-0.5654273006820505
526,6.807867484766575,3.1970911444457215,0.012912808295392571,1.000067105895242,157,122,0.7770700636942676,0.7690184883492537,ok,1279.145012975609,700.561036743269,-0.578340108977443
527,-12.724345235008741,10.225333762422338,-0.249897385940437,0.9992205842008588,186,156,0.8387096774193549,0.9262807867030705,ok,1291.8105336940785,690.2629302599075,-0.3284427230370058
528,-2.852785623918635,0.3500688839421855,-0.14353976393739415,0.9999225207359265,344,309,0.8982558139534884,0.2698390576055662,ok,1294.6621747344636,689.9036568037039,-0.18490295909961155
529,0.023717623909760732,0.4779187826270572,-0.35655706316381813,0.9999745340621203,314,280,0.89171974522293,0.2696522224924599,ok,1294.6398890257308,689.4256691096593,0.17165410406420678
530,1.5775676701016437,0.3262865568685811,-0.3618656628138472,0.9999903519360597,340,303,0.8911764705882353,0.26161997936910136,ok,1293.0654279794437,689.0847071107997,0.533519766878054
531,1.6824210064173712,0.3195994062775753,-0.23967108937294837,0.9999557645627818,342,304,0.8888888888888888,0.24172551052398814,ok,1291.387472937133,688.7424336830956,0.7731908562510025
532,0.4872867351939476,0.48074923022500116,-0.04948320832270767,0.9998996761260733,295,286,0.9694915254237289,0.3999538951460354,ok,1290.9071389699523,688.2547376049584,0.8226740645737102
533,0.0033063139674140984,-2.0556289441371973,0.1339359630788748,1.0001156476147248,243,205,0.8436213991769548,0.4879894387078543,ok,1290.8791232933493,690.3101782899578,0.6887381014948353
534,-8.361851887827015,13.444039401643295,0.28399346118028945,0.9991687438273255,366,314,0.8579234972677595,0.7886877118797821,ok,1299.3357361524875,676.9255430174687,0.40474464031454555
535,-0.354970401652281,3.9913696026184198,0.3203816493601228,1.000050356607506,402,388,0.9651741293532339,0.45955314775442735,ok,1299.6965831075645,672.9347004039638,0.0843629909544225
536,1.5992742467940388,-0.014474064823389199,0.24288705546624997,1.000018602399569,420,376,0.8952380952380953,0.26256463928953344,ok,1298.0973550282997,672.9535992267434,-0.15852406451182774
537,1.1316950115899544,0.19611239894197752,0.12795471438951184,1.0001563147902992,453,438,0.9668874172185431,0.34628599172405694,ok,1296.9646936053532,672.7631477283368,-0.2864787789013397
538,0.6676531295547647,0.2821679994135593,0.002361932631331179,1.0000422606817523,453,432,0.9536423841059603,0.31385233413035174,ok,1296.2956264942793,672.4843490874205,-0.2888407115326709
539,0.018254930324474117,0.4534652634711165,-0.1258105526718838,0.9998848370929887,482,458,0.950207468879668,0.38507671047941144,ok,1296.276081343616,672.0309376024074,-0.1630301588607869
540,-0.23093788854953345,0.3760265130042626,-0.0987039236332054,0.9999380919795553,494,480,0.97165991902834,0.2877751514698197,ok,1296.5065969200136,671.6546520514119,-0.06432623522758137
541,-0.797972423100191,1.2172889620142087,-0.30604161169445826,0.9998623851231347,466,423,0.907725321888412,0.2634471905200215,ok,1297.3096976393192,670.4407403413928,0.24171537646687738
542,-4.80929356803972,5.040609639857053,-0.600430414294365,0.9997125008282256,371,323,0.8706199460916442,0.5584965019499613,ok,1302.1925570284868,665.4713606667631,0.8421457907612431
543,-2.806816003000222,10.576417845283459,-0.3638856388168917,0.9995986350504531,436,402,0.9220183486238532,0.380526930489563,ok,1305.2213601465223,654.9563627026685,1.2060314295781351
544,0.7876926635267409,0.710713754632593,-0.07970029806817557,1.0001068861862927,459,442,0.9629629629629629,0.30065053522304863,ok,1304.4498130590875,654.228153347422,1.2857317276463107
545,1.1184332485954656,-0.5334931851631382,0.21026846242312652,1.0000424579571987,412,370,0.8980582524271845,0.3086870580780882,ok,1303.3215635526997,654.7405603746133,1.0754632652231841
546,0.6728129923628785,-0.466544107577306,0.41920799475328685,1.0000221812313972,501,470,0.93812375249501,0.21554914635048888,ok,1302.6434510998301,655.1993677724073,0.6562552704698967
547,0.24434933940597148,-0.2941997788035451,0.43304608826171137,0.9999859809138347,431,390,0.9048723897911833,0.2510061466954274,ok,1302.3979574931163,655.4926134008125,0.22320918220818503
548,-0.44061414458406034,0.26568680420734836,0.23158741891849755,0.9999343867672462,463,429,0.9265658747300216,0.3027786717717934,ok,1302.8385327821888,655.2268621694018,-0.00837823671031273
549,1.2816088678182496,-3.391545759695191,0.10382623041261607,1.0002861738048332,430,390,0.9069767441860465,0.4197181497155312,ok,1301.5635681585243,658.6209112466221,-0.11220446712292885
550,3.05918551450236,15.908374022104908,0.01308349316257816,0.9992590183747009,377,338,0.896551724137931,0.7140477760573216,ok,1298.4696033442972,642.7192647354069,-0.12528796028550698
551,-11.832553980178545,4.207643119389559,-0.14175309938742953,0.9997067939329486,413,378,0.9152542372881356,0.42891018884910037,ok,1310.3033659900252,638.5150221212665,0.016465139101922537
552,-3.791366606080601,-0.2711276324458822,-0.2293114534427546,0.9999869815793119,416,379,0.9110576923076923,0.29821278289882647,ok,1314.093534685701,638.802410696367,0.2457765925446772
553,0.9610909030095627,-0.4522734483213071,-0.3644050844965141,1.000009270684904,477,441,0.9245283018867925,0.22643453891870965,ok,1313.127681807425,639.2444233810608,0.6101816770411916
554,2.0553614594500687,-0.20974774999626788,-0.4448895724430875,0.9999407059720492,457,417,0.912472647702407,0.2895775666970721,ok,1311.0688066422886,639.4162893230192,1.0550712494842793
555,1.9548067504476876,0.02344263754628173,-0.28586401067702744,0.9999064014732253,508,468,0.9212598425196851,0.22731424586073268,ok,1309.1150838204762,639.3471075018581,1.3409352601613067
556,0.21581887995034776,0.22314199762445242,-0.017845619095011124,0.9999473835083974,596,579,0.9714765100671141,0.141577928029804,ok,1308.9046169882254,639.1189105418234,1.358780879256318
557,-0.5266076102259376,1.1628728475707248,0.16958943686837286,0.9999721303969169,493,469,0.9513184584178499,0.31421997675234414,ok,1309.4552452248622,637.9672172754615,1.189191442387945
558,-5.931290402589866,3.7294860795799423,0.3092992246934261,0.9992091573368487,233,198,0.8497854077253219,0.925144879707839,ok,1315.4431077566935,634.3292543073256,0.8798922176945192
559,4.37314843262061,9.381704944514013,0.44807717950405246,0.9996362380439766,267,224,0.8389513108614233,0.4463505793845173,ok,1311.1407889549448,624.9148574701528,0.43181503819046646
560,-0.006056206965922684,0.020670847151563976,-0.0014687859750287565,0.9999882159480479,378,370,0.9788359788359788,0.10882110428868773,ok,1311.1470013049393,624.8942330120428,0.4332838241654952
561,1.2741776065834074,2.498677414582403,0.24657737803685542,1.0005842296548346,230,208,0.9043478260869565,0.7037725215290698,ok,1309.8809727447424,622.3914167822671,0.1867064461286397
562,-4.908835530411352,0.18722850702181404,0.03509178558875018,0.9998833408974303,281,240,0.8540925266903915,0.5030060551846761,ok,1314.7902865275562,622.2171785535566,0.15161466053988948
563,-0.13439125923059692,0.12250686179049808,-0.06061216613930441,0.9999002400854113,304,282,0.9276315789473685,0.4384034131443863,ok,1314.9251306362087,622.0951703238953,0.21222682667919396
564,0.16161564034723597,0.24738833561161755,-0.12892668054244025,0.9998540821762899,338,321,0.9497041420118343,0.474957142241101,ok,1314.7649908645196,621.8468240790579,0.3411535072216343
565,-0.365155820355767,-0.0560696314754523,-0.0509527143772965,0.9998676169962084,227,204,0.8986784140969163,0.5328489957614772,ok,1315.1297544220083,621.9053913381837,0.3921062215989309
566,-6.092291009324072,11.95916681538472,-0.4456127589854,0.9998341765334678,305,256,0.839344262295082,0.7647702536382484,ok,1321.3962424644856,610.0365747049223,0.8377189805843314
567,7.616676650348836,3.7211653162839866,-0.19221481311950522,0.9997986731817176,366,327,0.8934426229508197,0.5008381203030144,ok,1313.8476834404348,606.1791025835054,1.0299337937038369
568,-0.04500123224647723,-0.30074949032177756,-0.029399085599320883,0.9999790064712546,504,492,0.9761904761904762,0.16884507149234157,ok,1313.8871167869434,606.480632645051,1.0593328793031578
569,-6.471343556212332,0.23724247989764535,0.1413483969521228,0.9998611222195821,413,373,0.9031476997578692,0.3801357460886027,ok,1320.3614306660552,606.3470990854561,0.9179844823510349
570,-1.0210238153003957,0.2586235187853845,0.11260864221010693,0.9999291163944438,446,436,0.9775784753363229,0.3046169031253564,ok,1321.3859888254624,606.1028526241261,0.8053758401409279
571,0.05321417503432713,1.1392345089579976,0.5070377542667871,0.999895456854927,417,375,0.8992805755395683,0.26936618521802214,ok,1321.3387073184583,604.963356474979,0.29833808587414057
572,-0.05017362212834087,0.7485903049607714,0.1793179529035216,0.999986479967882,461,449,0.9739696312364425,0.36024587028124766,ok,1321.3904358727623,604.2148720104053,0.11902013297061892
573,-0.5900851933524791,1.5025309910394071,0.31090186614161475,0.9999731869231165,453,422,0.9315673289183223,0.3210014699161104,ok,1321.9754858382125,602.7103732724948,-0.191881733170996
574,-8.706158132755718,10.214292638654001,-0.00716547845320331,0.999849088355743,340,292,0.8588235294117647,0.5335062363249783,ok,1330.6486688562275,592.468065921286,-0.18471625471779266
575,-1.0220326329913405,4.4136290580823925,-0.23985920975008768,0.9998641853479411,389,353,0.9074550128534704,0.2650437003998791,ok,1331.6749488071373,588.0554225380506,0.05514295503229509
576,1.256307590980441,0.6440125862393415,-0.36193830321970283,0.9999777605055485,412,383,0.9296116504854369,0.2627800247625057,ok,1330.4233625123986,587.4022818784583,0.41708125825199815
577,0.5128866610425575,0.15701019910511604,-0.14883795125257435,1.0000113225276175,455,442,0.9714285714285714,0.3370010049987292,ok,1329.9120516579158,587.2402135601908,0.5659192095045725
578,1.1876128124315528,0.26478558194833113,-0.1618750761627445,1.0000393856569851,392,378,0.9642857142857143,0.49564696851290346,ok,1328.7278979791977,586.960364204575,0.7277942856673171
579,0.21851637417512393,0.2195805714055723,-0.029745451399838026,0.9999686373375681,445,438,0.9842696629213483,0.24313019667236302,ok,1328.5123038178301,586.7379137815468,0.7575397370671552
580,-0.17695217863183643,0.5462381460346251,-0.008186263078364509,0.9999304661194712,478,464,0.9707112970711297,0.2018983260806657,ok,1328.6965401436855,586.1940892124612,0.7657260001455196
581,-0.7329341102674789,0.9830796244948488,0.0602342693140149,0.9998934708230323,481,467,0.9708939708939709,0.24594560556766593,ok,1329.4415231977034,585.220108613416,0.7054917308315046
582,-5.922731484975657,3.2035419309439703,0.05716323175074016,1.000073325917469,365,324,0.8876712328767123,0.5272784378304645,ok,1335.4001243133328,582.0837888128756,0.6483284990807645
583,-4.236030837139651,8.856596977610593,0.14931518776598574,0.9998038684931739,384,344,0.8958333333333334,0.2975212306408115,ok,1339.7131293859165,573.2644206653898,0.49901331131477883
584,0.503133554175065,2.464611757706848,0.16479034842523693,1.0000601184587885,363,356,0.9807162534435262,0.3549608530207434,ok,1339.2243811082433,570.7969159317298,0.33422296288954184
585,1.1323332348874828,0.9520601146747367,0.10806896725053156,1.0000478492158862,414,401,0.9685990338164251,0.347574073849472,ok,1338.0958145911702,569.8403937765623,0.2261539956390102
586,0.7345975257740065,0.7306210358038925,0.01851543486747408,1.0000116003219572,450,443,0.9844444444444445,0.2345492830467999,ok,1337.3638696368987,569.1071153800792,0.20763856077153614
587,0.34748919508069775,0.6531533415700324,-0.062112034401458335,0.999960644638625,456,439,0.9627192982456141,0.2529574658200853,ok,1337.0194593510796,568.452333291653,0.26975059517299455
588,-0.23936073310551365,0.5968967634834144,-0.12411855906186724,0.9999028198895759,422,401,0.9502369668246445,0.4147154905109166,ok,1337.2629176517696,567.8570960594211,0.39386915423486185
589,1.344333049311217,-2.4879058525428945,-0.1786022413224022,1.0003253257947327,423,411,0.9716312056737588,0.39055142565812956,ok,1335.89379418006,570.3314460342228,0.5724713955572641
590,1.483123960241528,14.156409573214432,-0.12548687385382554,0.9996470064853966,415,376,0.9060240963855422,0.41642749942354074,ok,1334.5832247037024,556.1580203250412,0.6979582694110897
591,-10.374274741306408,4.117325801843549,-0.0755011143805291,0.9998171682679905,374,339,0.9064171122994652,0.4337842568831993,ok,1345.0121339786301,552.1811120407117,0.7734593837916189
592,-3.543416486253591,0.41385564055735813,0.0032025689748621075,0.9997315944774352,471,453,0.9617834394904459,0.29997284484585407,ok,1348.5607937800942,551.8149283439868,0.7702568148167568
593,-0.012972097910051161,0.0061033186967733855,0.026064771743525183,1.0000293158984408,506,492,0.9723320158102767,0.16167399880276462,ok,1348.5738440551436,551.8089940247811,0.7441920430732316
594,0.7909924289751871,0.3251567690607544,0.08922009408565519,0.9999635831827693,394,378,0.9593908629441624,0.3910159767390809,ok,1347.7866202296502,551.4748165334117,0.6549719489875764
595,1.7366121234060756,0.8574925596046796,0.27188962675265455,0.99987021095531,406,365,0.8990147783251231,0.26044501664354824,ok,1346.0557801157408,550.6057321548725,0.3830823222349218
596,0.09073961701892586,0.5529738911059212,0.1152095227775516,1.0000130681941988,491,485,0.9877800407331976,0.2017450528398121,ok,1345.9676267789996,550.0523400772609,0.26787279945737014
597,-0.5709234284502145,1.3199231863742398,0.17618196415282802,0.9999306774199164,442,429,0.9705882352941176,0.3633065678359778,ok,1346.540661757761,548.7333322333883,0.09169083530454201
598,3.656286397517306,11.3834824437605,-0.0034941100607897846,0.9998876788505506,171,133,0.7777777777777778,0.5286525051195233,ok,1342.9032916704716,537.343791346409,0.09518494536533181
599,-5.2422310496399405,3.022575193032708,-0.06314715407929507,0.9998623360601709,318,281,0.8836477987421384,0.24483283946725168,ok,1348.153855327423,534.3357141433356,0.15833209944462687
600,-8.98710374815846,0.5135113386987769,-0.22428746022071555,0.9999750000460617,217,185,0.8525345622119815,0.48679354149875154,ok,1357.144187873432,533.8822294277131,0.3826195596653424
601,-0.5713067312938165,-0.1575018469529823,-0.22760868873417867,0.9999856142255388,249,223,0.8955823293172691,0.29002619006594693,ok,1357.7137847620518,534.0458069246063,0.6102282483995211
602,1.6420167034214046,0.16232019908193251,-0.14663508963704777,1.0000411258216695,245,231,0.9428571428571428,0.5993010495354422,ok,1356.0740554686702,533.8618108763599,0.7568633380365688
603,0.5288813528129594,0.3891690737227691,-0.02385446902665175,1.0000620174151884,262,256,0.9770992366412213,0.33024879655900974,ok,1355.550525905095,533.4654715654679,0.7807178070632206
604,0.6362596026451683,1.2551853270181255,0.0053932304253916,1.0000306293314465,274,257,0.9379562043795621,0.3840968435421199,ok,1354.9313091632198,532.2017915768232,0.775324576637829
605,1.3813260317426739,-2.677649087182772,-0.01564129327820494,1.0003980040533398,214,194,0.9065420560747663,0.9835408531054325,ok,1353.5131510928245,534.8601169759108,0.790965869916034
606,9.889298240431572,13.757202394304386,0.11484245338098861,0.9996431439208517,326,291,0.8926380368098159,0.5888251295280974,ok,1343.7868806014635,520.9871756967536,0.6761234165350453
607,1.090231086947142,4.744077005282065,0.23313570136273257,1.0001170221183648,369,360,0.975609756097561,0.4144944165735381,ok,1342.733361012736,516.2348113450691,0.44298771517231245
608,-0.6790674883552583,1.1478128364002487,0.30216520392467977,0.9999551730186859,423,383,0.9054373522458629,0.2591448274691067,ok,1343.4152475604833,515.0886709971417,0.1408225112476323
609,-0.4234399247195597,0.51398781655314,0.10393067057898485,0.9999405167977562,463,448,0.9676025917926566,0.2539598323311887,ok,1343.8390183459796,514.5749559333452,0.036891840668647306
610,-1.2873067082805392,1.3199162784050031,0.12030978269915894,0.9998120368790351,357,344,0.9635854341736695,0.41665133987381753,ok,1345.1244020010595,513.2531668418349,-0.08341794203051182
611,-0.5034799219945398,0.7518623326766374,-0.09683138128429927,0.9999045543117643,406,399,0.9827586206896551,0.40171732849738634,ok,1345.628057926753,512.5014223987802,0.013413439253787598
612,-0.09438205601645677,0.47781331848250375,-0.09176901191669408,0.9999635546939372,506,493,0.974308300395257,0.24452931800723113,ok,1345.723316983415,512.0237831500358,0.10518245117048179
613,-0.13995361548995788,1.2417450750223225,-0.26292392039047563,0.9999955452567214,386,349,0.9041450777202072,0.30538650092292824,ok,1345.8712454557176,510.7829628516389,0.3681063715609576
614,0.53048182585826,9.784413616649317,-0.44023414528700977,1.000032530697051,353,321,0.9093484419263456,0.5493972361383502,ok,1345.4788523420527,500.99203907328234,0.8083405168479678
615,5.3764394985951185,3.3749316708984907,-0.07863640239327455,0.9999483444700473,436,396,0.908256880733945,0.27781413874949984,ok,1340.1553011740182,497.5342842487455,0.8869769192412423
616,9.778500134144451,2.2753425335691873,0.0028468786838018274,0.9998947283023112,363,325,0.8953168044077136,0.448523364696906,ok,1330.413074593542,495.1083267525813,0.8841300405574407
617,-0.25554396485176767,0.8014665306660618,0.20531793308371182,0.9999461696492432,469,453,0.9658848614072495,0.37458723716232595,ok,1330.678095781714,494.30994395744483,0.6788121074737288
618,-1.9255663615174399,0.5676391143003912,0.37457775372258767,0.9999443403433808,453,410,0.9050772626931567,0.22728089599124374,ok,1332.6066490854346,493.7525373451771,0.3042343537511408
619,-0.9263015595274737,0.4241157792123431,0.15081480703466196,0.9998787282288998,498,483,0.9698795180722891,0.32171005779925016,ok,1333.5340829675786,493.3309034191094,0.1534195467164787
620,-1.4376980277020266,0.7960384434366006,0.22318452270629827,0.999755493399768,418,408,0.9760765550239234,0.44863264027706706,ok,1334.9708106506187,492.53311498407516,-0.0697649759898197
621,-0.1501973437907509,0.5406602679267962,0.09160903370507377,0.9999571584682506,484,473,0.9772727272727273,0.2165434924599826,ok,1335.1194846268265,491.9920338291686,-0.16137400969489352
622,2.002288095360427,-3.6401522565022333,0.07843132378289981,1.000395001675014,360,325,0.9027777777777778,0.4579795925586311,ok,1333.132449490949,495.64053453988925,-0.23980533347779337
623,5.08946281881299,18.514444081077727,-0.046527861904119464,0.9996033509903162,322,294,0.9130434782608695,0.4867727841908356,ok,1327.9805604507005,477.1433641959584,-0.19327747157367386
624,8.900226906439912,1.7256212682279966,-0.13567913042467503,0.99990965982841,394,356,0.9035532994923858,0.4084987382895474,ok,1319.0786033080385,475.4266910244761,-0.05759834114899873
625,0.8487297816709543,0.6120377340173491,-0.07797308251564783,1.0000095511808638,416,407,0.9783653846153846,0.2725393464782029,ok,1318.2300912245134,474.8143515154878,0.020374741366649147
626,-1.9361991346268042,0.6033130914564708,-0.33397322884113845,0.9998824027105242,340,305,0.8970588235294118,0.32349518707857855,ok,1320.1699845203066,474.2230243842063,0.35434797020778785
627,-1.968044078685807,0.5062209818057681,-0.08736291231741539,0.999720492449466,403,389,0.9652605459057072,0.3393787118982227,ok,1322.1418726908942,473.7319905556705,0.4417108825252034
628,-0.8710707401851323,0.28252472956648944,0.0018129046573425042,0.9998815952034763,393,385,0.9796437659033079,0.22627107343681632,ok,1323.0150868676712,473.4561618793168,0.4398979778678609
629,-0.5471795717494388,1.0612526190649305,0.09751551097162653,0.9999116561666636,360,350,0.9722222222222222,0.3504042779992986,ok,1323.5685983607946,472.3981979705785,0.34238246689623425
630,0.8339844087454367,10.46074674889826,0.3165929671459509,1.0000493878921315,323,278,0.8606811145510835,0.45731253581594444,ok,1322.7393225406981,461.93707689524337,0.02578949975028295
631,5.074183231354709,3.4483975949668775,0.14074145143966968,0.9999091161077708,351,316,0.9002849002849003,0.2845381048463351,ok,1317.6582310405386,458.4988665169601,-0.11495195168938686
632,8.599868415959463,2.3639150409724152,0.25461192017557616,0.9999245027285268,362,326,0.9005524861878453,0.32731649050495903,ok,1309.0432941201557,456.19047033116817,-0.36956387186496326
633,0.9074124202061284,1.3005553565175205,0.16571841756787759,1.0000004478411095,378,371,0.9814814814814815,0.37734697205236567,ok,1308.1237711181366,454.89844905252437,-0.535282289432841
634,-1.4478722037665648,1.4455293955884372,0.06622550137959342,0.9997939774092052,351,335,0.9544159544159544,0.32532998262129775,ok,1309.5563882245528,453.4377994099495,-0.6015077908124344
635,-0.6503060502982407,0.5242678475631237,-0.029037307297071286,0.999920473957009,387,375,0.9689922480620154,0.28502759132488104,ok,1310.2014236827827,452.90706030957244,-0.5724704835153631
636,-1.2505415583914328,0.9401124936844099,-0.16166154909652983,0.9998260323937838,388,353,0.9097938144329897,0.28042085733998007,ok,1311.4451925778965,451.9580057138866,-0.4108089344188331
637,-0.2121495418964514,1.1142012595224742,-0.19841839441489934,0.9998866425509007,432,397,0.9189814814814815,0.21160565635485973,ok,1311.6532104231615,450.8430256912404,-0.21239054000393368
638,6.968120756352391,6.687251735513087,-0.2178151805921781,1.000188076827439,334,294,0.8802395209580839,0.45566127573389936,ok,1304.685722832582,444.1551142590853,0.005424640588244661
639,-10.726071949802645,11.452939241020886,-0.1335103601167709,0.9997730859293249,326,293,0.8987730061349694,0.42478852877397716,ok,1315.4395351460032,432.72821802876194,0.13893500070501572
640,-10.850232684665116,1.5358835011203382,-0.022142262522237943,0.9999872834688227,361,329,0.9113573407202216,0.3404421808253121,ok,1326.2940428204336,431.22284412632825,0.1610772632272537
641,-1.0355496382685487,0.28966943819591506,0.07747604193751856,0.9998293532106779,403,382,0.9478908188585607,0.2663321062984789,ok,1327.330014017676,430.93468598358885,0.08360122128973503
642,1.2104313839915903,-0.13154893934768097,0.15306002989839837,0.9999700772110117,363,332,0.9146005509641874,0.4635766213576261,ok,1326.1197429978847,431.06770221360784,-0.06945880860866352
643,2.014835245620361,0.02356315873271342,0.1983249992732769,0.9998438824444338,402,374,0.9303482587064676,0.2684973457023443,ok,1324.1048196308595,431.05355603182875,-0.26778380788194067
644,0.6840635291227954,0.04588043745320647,0.06623505698944339,1.0000209023503657,400,394,0.985,0.3382024566990237,ok,1323.4205002569063,431.01166425638826,-0.33401886487138405
645,1.1035740085837915,-0.23696475006875062,0.10453581995634534,1.0002263828384248,345,323,0.936231884057971,0.4600119809927375,ok,1322.3187723391602,431.25706898424744,-0.43855468482772964
646,-8.420816282374744,16.211903372106008,-0.028602598953809844,0.9997773025608058,371,339,0.9137466307277629,0.3292255738501593,ok,1330.6233776733054,414.98533004668735,-0.40995208587391974
647,2.4336556612568074,3.470334745020864,-0.051638544070769524,0.9999317255574821,376,339,0.901595744680851,0.27084485761450283,ok,1328.1680671331783,411.53028254026907,-0.35831354180315017
648,1.8326963945103216,0.7716557661752859,-0.23683637473083843,0.9999869941829229,338,312,0.9230769230769231,0.22535854688690632,ok,1326.333738812568,410.76251414542065,-0.12147716707231133
649,-6.500135134441052,-0.1241484641623174,-0.27887051435943355,1.0000153737925008,328,299,0.9115853658536586,0.2934248002126992,ok,1332.8335083820202,410.9045181987715,0.15739334728712276
650,-2.3276364835944605,0.299215381220165,-0.3017775444295102,0.9999984892978748,356,326,0.9157303370786517,0.2973570237932401,ok,1335.1634680194354,410.6239660073055,0.4591708917166335
651,-0.22777073106317403,0.012064378514651253,-0.1118624571299323,0.9999140897525561,425,416,0.9788235294117648,0.2501376288567099,ok,1335.3913476750079,410.61417224734373,0.571033348846566
652,-0.19202350901150567,0.78623376513724,-0.07306042023556228,0.9999211248430012,447,438,0.9798657718120806,0.2487505771143077,ok,1335.5921973563918,409.8301467586363,0.6440937690821285
653,-0.633209292113861,1.3954931059415685,0.09091709572010084,0.9998493295690885,390,381,0.9769230769230769,0.28234441198991955,ok,1336.2388500704055,408.44083207728863,0.5531766733620274
654,3.0232059373781794,14.099515278463286,0.3649561610455865,0.9998215847965687,165,130,0.7878787878787878,0.70574571874526,ok,1333.2619782240836,394.33146145922063,0.18822051231644038
655,-5.691918308445565,3.2765635648434,0.17493743466193498,0.9990258945616597,252,223,0.8849206349206349,0.599006962075003,ok,1338.9546559965636,391.05621755941866,0.013283077654505128
656,-10.308738053795196,0.49730933712021397,0.3594416707072191,1.0001067136969168,207,174,0.8405797101449275,0.7128619998351793,ok,1349.2602013818328,390.4966363314355,-0.34615859305271446
657,-0.9614172484502888,0.0842122867593389,0.1929432604628933,0.9998785783323483,282,264,0.9361702127659575,0.6247560008236879,ok,1350.2207837225487,390.4033818325432,-0.539101853515608
658,0.8147026839453702,0.030341637432002244,0.03249064874694913,0.9999826758592323,271,258,0.9520295202952029,0.3770274287212394,ok,1349.405818891151,390.381169183551,-0.5715925022625573
659,1.3047046994381617,0.4814550045514352,-0.1420094240502398,0.9999864245578011,262,254,0.9694656488549618,0.5645455714917249,ok,1348.0975411212037,389.9095098246863,-0.4295830782123172
660,0.581685326724255,1.4066968047254704,-0.3338134761209012,0.9998656336812553,265,233,0.879245283018868,0.4334594750096499,ok,1347.5135053216513,388.5037872686345,-0.09576960209141541
661,0.9856647968922516,-0.5505994594348067,-0.33330817300926247,1.000163227304859,167,135,0.8083832335329342,0.5998112464507475,ok,1346.5255663101973,389.05029560911015,0.23753857091784755
662,-10.649123555443111,15.417264899975066,-0.11027075745007422,0.9997814594330142,279,240,0.8602150537634409,0.6789114393184618,ok,1357.268082323063,373.6979590049178,0.347809328367922
663,8.42821459403126,4.770960869514738,-0.08836004876219974,0.9999002565594918,367,331,0.9019073569482289,0.3992815809964594,ok,1348.8764309683675,368.8629764400353,0.4361693771301219
664,-0.5318154457511355,0.7237597300809284,-0.024202929111347738,0.9999707252949587,393,383,0.9745547073791349,0.26717607430916496,ok,1349.414044602753,368.1435131710988,0.46037230624146963
665,-8.417105367444037,0.6506706109049674,0.04284862942298126,1.0001392991920441,385,358,0.9298701298701298,0.3816901821191925,ok,1357.8356679862447,367.5541961111258,0.4175236768184883
666,-2.7459467719540953,0.8660895615529398,0.0834882455752891,0.9996597101018116,371,355,0.9568733153638814,0.30873665435177144,ok,1360.586617381397,366.70413009701457,0.33403543124319907
667,-0.16044589913872187,0.659334082373789,0.19836032451150507,0.9999126468944068,389,378,0.9717223650385605,0.4248014639845379,ok,1360.7486241173985,366.04517779508353,0.13567510673169342
668,-0.0666359765841662,0.45805947131248104,0.12824164353035916,0.99987736239863,468,465,0.9935897435897436,0.26321367080462377,ok,1360.8153195213283,365.58712697287154,0.00743346320133393
669,-0.824485099587946,1.2565899192172765,0.19590685534472105,0.9998123603145553,360,345,0.9583333333333334,0.45766563489393947,ok,1361.6356666386548,364.3278317288502,-0.18847339214338757
670,-9.103402350687247,12.303448863709491,0.0028686189759043667,1.0004895339579793,186,153,0.8225806451612904,0.6116150932661532,ok,1370.6979303433732,351.9940502792477,-0.19134201111929194
671,-2.001500097226426,3.6290936208739595,-0.08293128775812478,1.0000008863257297,319,287,0.8996865203761756,0.23311606435880797,ok,1372.692560166497,348.3611760704469,-0.108410723361167
672,-0.8088208029398629,1.5727646196922933,-0.2632389929767999,1.0000585130006405,249,210,0.8433734939759037,0.2541279579365304,ok,1373.5056280349354,346.7906028370264,0.15482826961563362
673,-0.4378006403537711,0.8111340294494767,-0.28150735206710936,1.0000669705900112,309,271,0.8770226537216829,0.2230306552630121,ok,1373.9495931060767,345.9828263642125,0.43633562168274365
674,-0.5327998430709613,1.200060233728209,-0.18705573088198538,0.9998258235351919,247,202,0.8178137651821862,0.32774119346288777,ok,1374.4954180888883,344.78863403234493,0.6233913525647294
675,-0.19265634998578207,0.4721291957600897,-0.028449216807326993,0.9999228051175298,308,299,0.9707792207792207,0.3060832853154893,ok,1374.6934331578125,344.3187271488478,0.6518405693720565
676,-0.6380944915686086,1.2525932648135267,-0.012287341324659758,0.9998976624742903,276,263,0.9528985507246377,0.34100574993645477,ok,1375.3460035411872,343.0736141572008,0.6641279106967163
677,-0.74521086053619,1.5946611205055206,0.06711123888544808,0.9999023050575009,187,176,0.9411764705882353,0.45542468080312226,ok,1376.1077898659314,341.48680449270205,0.5970166718112679
678,-0.9815341458340754,7.270628731489637,0.07934048098888716,1.0005112672827319,331,294,0.8882175226586103,0.5788458083828114,ok,1377.1549743051712,334.2253407159685,0.5176761908223806
679,8.523724585365017,10.471955797507917,0.11769864542832599,0.9997133295875917,280,238,0.85,0.49225676340268854,ok,1368.7045607589619,323.69413708437156,0.3999775453940544
680,9.004434256612285,0.8391635296558206,0.11088438986863894,0.9998662709261377,314,280,0.89171974522293,0.4286652805346266,ok,1359.7044752096929,322.809551409043,0.2890931555254152
681,1.348879860735451,0.13592273624385598,0.07563079008058007,1.000111621752573,327,317,0.9694189602446484,0.47387487250615096,ok,1358.3561111057866,322.668604212466,0.21346236544483496
682,-0.31179701505288904,0.4120410424883403,0.03905359263644273,0.9998822628176164,368,357,0.970108695652174,0.2766538864726163,ok,1358.6691609303043,322.25751418989194,0.17440877280839215
683,-1.0677492522349894,0.9055622408781119,-0.007025099124302692,0.999830761054459,355,350,0.9859154929577465,0.3438836288222271,ok,1359.7397723944289,321.35533763808075,0.18143387193269486
684,-0.7679197686361476,1.2715412537048678,-0.04241332362684562,0.9998919957977775,340,323,0.95,0.4621365904605517,ok,1360.5126540369306,320.0868062440588,0.2238471955595406
685,1.1816505504198176,-0.41590256978156503,-0.10070048976796132,1.0002975666784653,334,321,0.9610778443113772,0.3718807562774112,ok,1359.3286666069116,320.4960088056523,0.3245476853275021
686,11.690588014793775,15.935734465489986,-0.1367692330384734,0.9998120935106652,210,170,0.8095238095238095,0.3851893565256072,ok,1347.7667626865896,304.46666512528003,0.461316918365976
687,2.7806935563426123,5.1611417864791065,-0.06899154163309534,0.9999713299406165,190,157,0.8263157894736842,0.3231137944326679,ok,1345.0339571656543,299.280007706559,0.5303084599990716
688,0.4218143462853732,0.8308178122044865,0.018860667165980904,1.0000748701729207,275,263,0.9563636363636364,0.2576509235002281,ok,1344.6195757781081,298.44545774073094,0.5114477928330906
689,0.2925048802139827,1.056806552194189,0.09763630333292118,0.9999353239092551,343,328,0.956268221574344,0.21739400013394877,ok,1344.3347111115045,297.38656619036783,0.41381148950016905
690,-0.30524568868554525,0.8478816195281524,0.16630728231835049,0.9997754676785094,295,277,0.9389830508474576,0.4065239619358841,ok,1344.6436165887333,296.54001106674474,0.247504207181818
691,-0.33138189008468544,0.9997561175864575,0.31495694182416983,0.999922240590689,261,227,0.8697318007662835,0.32268737556275057,ok,1344.9738212642542,295.5398655153414,-0.06745273464235273
692,-0.15103931927501435,0.7164741700149762,0.18357888730646577,0.9998378391547794,292,287,0.9828767123287672,0.3931421192297247,ok,1345.1217200353176,294.8227364713169,-0.2510316219488191
693,-0.17897813835111265,1.5369476452951858,0.33449946414059106,0.9997322442630387,197,163,0.8274111675126904,0.38112490376889385,ok,1345.284982348739,293.2840400570097,-0.5855310860894114
694,13.250256996394228,6.65986855978997,0.06804253488636787,1.000464197739429,224,190,0.8482142857142857,0.5714897220985514,ok,1331.9596198537997,286.77574734058686,-0.6535736209757794
695,-3.8674860184924,12.42316219662257,-0.1235827147142463,0.9999888586231389,211,176,0.8341232227488151,0.4143255017969399,ok,1335.7120267305768,274.31734255915734,-0.5299909062615327
696,-5.0371543142052815,1.9706014792016049,-0.2904242652984292,0.9999486689537054,228,196,0.8596491228070176,0.3303263338862806,ok,1340.7408975059886,272.32569688305045,-0.2395666409631024
697,6.651998086432286,0.8892439613006218,-0.3192222249572304,0.9998735698478398,252,226,0.8968253968253969,0.3609158541364048,ok,1334.090142121033,271.42720582906526,0.07965558399412911
698,5.606124001106309,0.487630930866203,-0.19801502524013742,0.9998497333957425,215,182,0.8465116279069768,0.4186249207929622,ok,1328.4864471334758,270.9124119606627,0.27767060923426723
699,0.32799750132380723,0.5921773563444503,-0.07646551584536153,0.9999870195260626,232,225,0.9698275862068966,0.46912437077993097,ok,1328.1621160283491,270.31821862807726,0.354136125079629
700,-0.23251273082041735,0.36298937957928956,-0.007592303135206838,0.9998967069791038,260,255,0.9807692307692307,0.24513764479404299,ok,1328.396915789918,269.95670440754355,0.36172842821483586
701,1.7776292377022855,-1.1007750822141134,0.1562461865299333,1.0002806125131833,212,184,0.8679245283018868,0.43486980593154195,ok,1326.6153502369148,271.051097238619,0.20548224168490184
702,-0.2269904023428353,14.596065218150898,0.21088263921093214,0.9998992087055469,192,165,0.859375,0.3535217356688049,ok,1326.8409648902439,256.4550106903871,-0.0054003975260311825
703,6.272807482135249,3.967656321221966,0.11599230732274557,0.9999190811251357,256,228,0.890625,0.2312901675296197,ok,1320.5597652104739,252.50065347661337,-0.12139270484877723
704,11.382745720322191,3.794417308988841,0.4937002645042301,0.9998144846575012,190,157,0.8263157894736842,0.47264247842620183,ok,1309.136941611774,248.8286507694715,-0.6150929693530095
705,0.2868169029270575,1.7552134807368702,0.17874255387870955,0.999970525385413,262,255,0.9732824427480916,0.349687025307428,ok,1308.8258344561445,247.07757948694717,-0.7938355232317198
706,-0.6195306375536802,0.5252693081744155,0.029538954817222515,0.9999164831069672,282,281,0.9964539007092199,0.18470131120088107,ok,1309.4377529509063,246.54346169774135,-0.8233744780489424
707,-1.2121092348811544,1.1364636615013524,-0.06237640969209236,0.9998830230978119,241,235,0.975103734439834,0.4311471110743603,ok,1310.6346612958066,245.39099960938182,-0.7609980683568497
708,-0.7514345428721754,1.192398376635083,-0.23682717435600192,0.9998421639742234,232,202,0.8706896551724138,0.2528853573475771,ok,1311.375155879313,244.19177672241653,-0.5241708940008469
709,2.136566146716177,-2.2756980034307617,-0.3082494294990264,1.000612946214684,214,207,0.9672897196261683,0.6579884128808543,ok,1309.2471809439753,246.47551028320845,-0.21592146450181932
710,0.41082520100644615,19.071702364367752,-0.19113092024473716,0.9994675361311093,60,42,0.7,1.005139824885361,ok,1308.8281039019523,227.40398745849228,-0.024790544257081458
711,11.838817422568354,6.250826004981263,-0.14605557986725842,0.9998687794440663,105,73,0.6952380952380952,0.7724621153172377,ok,1297.0025426968548,221.1281189214729,0.12126503561017753
712,4.985238242261175,1.3839511989134508,-0.02787969322078043,0.9998859115199998,118,90,0.7627118644067796,0.4543173902492178,ok,1292.0209238575064,219.73119551894575,0.14914472883095806
713,0.4297247555625745,0.9024471552700106,0.08092440942302878,1.000251525496699,129,122,0.9457364341085271,0.4906176468383843,ok,1291.5922739223229,218.8282373434663,0.06822031940792898
714,-0.651893050709532,1.3345906174996571,0.1533684315404706,1.000081455942257,126,116,0.9206349206349206,0.7140349564043516,ok,1292.2421828988843,217.49267941208825,-0.08514811213254216
715,-1.0154684881147205,1.3398553648348752,0.1604900349106926,0.9999664821903966,127,105,0.8267716535433071,1.2531622141488419,ok,1293.2518978519731,216.14848286301537,-0.2456381470432353
716,-0.17499850019180485,0.697455966940197,0.08938482654501873,1.0000490355307112,137,128,0.9343065693430657,0.4875939564893237,ok,1293.4228151816164,215.4500155643409,-0.3350229735882544
717,2.523278244663743,-3.9204875543356366,0.21219636479025297,1.0002481062886592,82,58,0.7073170731707317,0.5365515580747122,ok,1290.9370951611768,219.39442321868893,-0.547219338378508
718,3.0464518931435123,8.256953783692893,0.007406812553959822,0.9997039571526412,113,86,0.7610619469026548,0.5367584895927812,ok,1287.810859500922,211.16734563792983,-0.5546261509324678
719,-16.14165291342897,13.858685172550395,-0.09939930951250284,0.9998644930965402,124,93,0.75,1.084779974567103,ok,1303.8418939683668,197.18085045889768,-0.4552268414199648
720,-4.322999721508722,1.6442814735534057,-0.08631791450624199,0.9999579161525357,143,124,0.8671328671328671,0.28625492606959035,ok,1308.1542171603282,195.50876886863273,-0.36890892691372257
721,-2.282809823484513,2.6165208616280324,-0.23820599606416176,0.9998506553628416,114,102,0.8947368421052632,0.36110153833919795,ok,1310.4310522510903,192.88704728177288,-0.1307029308495602
722,-0.46376576656348334,2.2981543101020634,-0.26802431067357246,0.9998372839788713,144,118,0.8194444444444444,0.27029307669568686,ok,1310.9003246902973,190.59001108330358,0.13732137982401296
723,1.0197373985806735,0.8696614998876839,-0.15806594499941204,1.0006296326293267,131,119,0.9083969465648855,1.1719970377788962,ok,1309.8850843472953,189.71510392686253,0.29538732482342533
724,0.17138011650604312,0.8648802607649486,-0.03527543748047138,1.0000355000155,141,136,0.9645390070921985,0.5966744840875648,ok,1309.7186984141895,188.84924901346255,0.3306627623038968
725,0.3382815423778993,-2.2225495160830633,0.007012136786252059,1.0000065289845295,106,89,0.839622641509434,1.5819623938529535,ok,1309.3678676667082,191.06985220628587,0.32365062551764473
726,-0.605325223635873,16.55226765048326,0.18936964687617674,0.9999548458890313,62,33,0.532258064516129,0.9401248340226616,ok,1310.0119838350356,174.5190486801332,0.13428097864146735
727,-12.377451891864439,7.116007181328882,0.3354520826385269,1.0001118522363168,101,69,0.6831683168316832,1.084522575063471,ok,1322.3643744854064,167.35962700231755,-0.2011711039970604
728,-4.474260831108722,3.468041988566256,0.3047993577366365,0.9987144349929503,98,88,0.8979591836734694,1.594927118342806,ok,1326.8078354952581,163.85220922378312,-0.5059704617336978
729,-1.1184777721186947,2.2186496905851527,0.1696045106886588,0.9999569982676977,112,103,0.9196428571428571,0.6222583822555746,ok,1327.90007600926,161.6205260841258,-0.675574972422357
730,0.03607077242554624,1.2191827373230808,0.020358489908093316,0.9998308921779528,119,111,0.9327731092436975,0.5209947962208025,ok,1327.849199665532,160.40187139749014,-0.6959334623304504
731,0.2657641570622218,0.10955190842003049,-0.13185998968712004,0.9999530335456513,124,114,0.9193548387096774,1.269436794680567,ok,1327.5823698732047,160.29494118780258,-0.5640734726433301
732,-0.5499355706558617,-2.267097279523341,-0.15388566841981874,0.9988978517770944,113,77,0.6814159292035398,1.6551808449520502,ok,1328.1485216513358,162.55804334431537,-0.41018780422351087
733,1.3635562462757207,-3.9373767753622815,-0.26570818053594575,0.9998547920065189,83,61,0.7349397590361446,0.9014842706511256,ok,1326.7948983967458,166.49884600272833,-0.14447962368756448
734,-11.131795937712923,18.659663218767605,-0.3161275821133017,0.9997814986007852,77,51,0.6623376623376623,1.3204663071394265,ok,1337.9825453273459,147.8726153482737,0.17164795842573807
735,2.944512095834625,4.3595663201980415,-0.12805746190468578,1.000332839418421,121,97,0.8016528925619835,0.5154907126265719,ok,1335.0608776325976,143.49770645045828,0.2997054203304242
736,1.0798259712551044,3.2121888164789425,-0.10239940167388623,1.0000627046132209,128,93,0.7265625,0.3528626980718592,ok,1334.003621380175,140.27801852495645,0.4021048220043106
737,-3.694511959592546,0.6989371670230184,0.07563671907355649,0.9991120127358396,147,140,0.9523809523809523,0.7344177683295825,ok,1337.7020558486843,139.60014370969816,0.32646810293075396
738,-3.6840542290926805,1.050930935467136,0.1082149457227116,0.9988608375215963,156,134,0.8589743589743589,0.7433363713970194,ok,1341.390086583957,138.56325379765315,0.21825315720804206
739,-3.374333705832669,1.1506017246583724,0.48052648169489776,0.9996669376216443,132,101,0.7651515151515151,0.5456855563141493,ok,1344.7591180382487,137.397218057592,-0.26227332448685686
740,-0.4582433498096634,1.1562367298905656,0.08975146888182718,0.9999604504738506,131,124,0.9465648854961832,0.4090329756803224,ok,1345.2102488748856,136.23818772518996,-0.3520247933686842
741,0.970139155746665,-2.104823824686491,-0.03778749391246649,1.0003794084794926,100,87,0.87,1.5141466308691556,ok,1344.2516681065822,138.34830057172655,-0.31423729945621764
742,-0.6375374100477984,19.399513519114407,-0.020082798637811042,0.9990256123185464,71,32,0.4507042253521127,0.9085142238337468,ok,1344.7896011375208,118.9457696341982,-0.2941545008184065
743,-12.746927024195656,7.642573614942194,-0.028954346904764144,0.9997375085965498,85,52,0.611764705882353,1.1047869485860689,ok,1357.501017205183,111.24427746873118,-0.2652001539136424
744,-4.602767322409363,0.8751543084327977,0.026544919336483126,0.9969155613851012,99,69,0.696969696969697,2.4786244709235037,ok,1362.0992686688776,110.34569772021837,-0.2917450732501255
745,-1.201083358020469,0.18987783766488064,-0.07068517850379634,0.999159908629772,111,85,0.7657657657657657,1.6370864033016206,ok,1363.2996104980907,110.15118725985292,-0.22105989474632903
746,7.206409691207227e-06,1.2840124082212014,-0.27466907730265744,0.9998139860185503,92,67,0.7282608695652174,0.2970183332390447,ok,1363.3008046863793,108.86717540693553,0.05360918255632873
747,0.07290512311669772,-0.07490485614448517,-0.11206517388689988,0.9997538257663238,100,88,0.88,1.0747531341985321,ok,1363.2276832762384,108.94186914047225,0.1656743564432288
748,-0.7409349878257672,0.7853207698633469,0.0006349828790306662,0.9995539233767117,108,98,0.9074074074074074,0.7515270328807402,ok,1363.9708772882427,108.15868587438194,0.16503937356419812
749,1.6272071854225487,-2.733593765119167,-0.10722809690970825,1.0007632070757249,83,60,0.7228915662650602,1.5365988076425525,ok,1362.330698585155,110.88451637515163,0.2722674704739065
750,3.5410198071283503,10.818699521569442,0.10490097366023304,0.9993437026874726,54,32,0.5925925925925926,1.019570082813963,ok,1358.8212963050041,100.0555193648762,0.16736649681367333
751,-14.38557956415525,14.763906124866821,0.4221651936907484,0.9984969836574689,81,50,0.6172839506172839,1.4571451343491837,ok,1373.1410776222874,85.22778567136402,-0.25479869687707546
752,-7.087191619229998,5.468493921516938,0.3300873863170283,0.9961572143265549,85,62,0.7294117647058823,3.224039164746034,ok,1380.1720775329227,79.68723054809345,-0.584886083194104
753,-1.518254852628388,2.8107789411990325,0.22248099944592462,0.9999264312534422,128,113,0.8828125,0.7514184283778707,ok,1381.650575677505,76.8553373138268,-0.8073670826400287
754,0.0033081741655678343,1.6051389542758443,0.06339367070398069,1.0000681588696387,98,90,0.9183673469387755,0.6072376646758457,ok,1381.6228744969992,75.2504339986242,-0.8707607533440093
755,0.35919606775587454,0.6399697576989638,-0.10358665594296258,0.9997523844692809,111,100,0.9009009009009009,1.2496298996624569,ok,1381.2551418719584,74.61533099726068,-0.7671740974010467
756,-0.3313110521164617,1.302610913453691,-0.32423053331032886,0.9997436272532741,116,88,0.7586206896551724,0.5368097579820899,ok,1381.576372868742,73.31019772751051,-0.44294356409071795
757,1.1390665212466047,-3.6020641195086682,-0.22978508520389967,0.9995534876493287,73,46,0.6301369863013698,1.0979287080272693,ok,1380.450715020753,76.91647459848673,-0.21315847888681816
758,-12.872940430699146,16.218678774667637,-0.3495233746814763,0.9991515483763077,71,42,0.5915492957746479,1.717774169619718,ok,1393.362219677508,60.72847953959263,0.13636489579465805
759,-2.4501099858973703,4.068224866944547,-0.10717927681837876,0.9996651896237966,83,47,0.5662650602409639,0.5438686023456744,ok,1395.8296000676817,56.67070594792847,0.24354417261303676
760,-2.6487045167775705,3.4783056745898193,-0.08699149801081044,1.0001293344978015,72,43,0.5972222222222222,1.0718542648825145,ok,1398.4983265199633,53.207738274678604,0.3305356706238472
761,-0.7535674528114669,1.2862240658804467,0.06777923670825863,0.9997781712866285,100,91,0.91,0.2879564200978708,ok,1399.2577846063698,51.92498355588839,0.2627564339155886
762,-0.6612293706630226,2.596008491445218,0.24656459465350444,1.0004675086965016,87,76,0.8735632183908046,1.9058366089498735,ok,1399.9197475849733,49.32916203212335,0.016191839262084187
763,-0.6542374064226806,2.536045718211767,0.2852714710112473,1.0003313955751962,89,71,0.797752808988764,1.2247111797897041,ok,1400.5620677241955,46.790071780168546,-0.269079631749163
764,-0.9508347069020147,1.9209542483529276,0.11856556568270016,1.0000045331747327,99,88,0.8888888888888888,0.3636966969948932,ok,1401.4998841969523,44.862728497942726,-0.3876451974318631
765,0.5870494216469524,-2.1606634485851828,-0.02846263087764312,1.000096182884233,80,70,0.875,1.6881473347279852,ok,1400.9263912447298,47.02702963116326,-0.35918256655422004
766,-11.677438052782463,17.621465646650677,0.058831303662204945,0.9989593124501356,90,55,0.6111111111111112,1.181466718347699,ok,1412.4749584085855,29.320838412423427,-0.418013870216425
767,-3.35305596153853,7.370545151325473,-0.034063488764126876,0.9996742175113879,94,58,0.6170212765957447,0.7608855632883876,ok,1415.778547969013,21.92798942673653,-0.3839503814522981
768,-1.0741275814584696,1.8334362840788572,0.021715823771942287,0.9996184635040422,93,79,0.8494623655913979,1.7008584861567126,ok,1416.839667620715,20.08699411066459,-0.40566620522424035
769,-0.4982296139248774,-0.3960223023944991,-0.05988890663890268,0.9991873280684052,100,70,0.7,1.1687843510568499,ok,1417.340278122957,20.480002427663862,-0.3457772985853377
770,-0.7242760537153572,1.5896712151227348,-0.29847554282599065,0.9996907529525516,89,58,0.651685393258427,0.4599787569394468,ok,1418.063241542941,18.889733812762415,-0.047301755759347204
771,-0.8678039320477637,-0.024961993209899447,-0.06972130092591615,0.9991372698727544,88,76,0.8636363636363636,1.7609866137826116,ok,1418.9310356410533,18.915035371288013,0.02241954516656889
772,-1.009347897157113,1.0735393633940475,0.0414127693349329,0.9995348266747182,94,83,0.8829787234042553,0.7885537040399456,ok,1419.9400276105825,17.841161473813145,-0.018993224168363975
773,-0.1983497873354736,0.7604033235170391,0.05958521294779378,1.000102340054592,93,86,0.9247311827956989,0.34998279973204716,ok,1420.1373343547084,17.08048683819402,-0.0785784371161577
774,-3.6062705293011277,4.226411453745868,0.24928864658425204,0.9982206431960539,64,50,0.78125,1.785557078077939,ok,1423.7193609234157,12.833508316004782,-0.32786708370040946
775,-6.173110024132484,10.509142468782557,0.5892616262871065,0.9979201953548995,74,46,0.6216216216216216,1.9286063213309443,ok,1429.7234683495096,2.226903919915685,-0.9171287099875154
776,-2.5916967678354013,6.759440261366535,0.44887473691768015,1.00026574713469,76,69,0.9078947368421053,1.3690101559710084,ok,1432.1532902936592,-4.592398837926908,-1.3660034469051952
777,-1.2968792844626478,2.613936371018326,0.17977290158059303,1.0000131270074222,79,76,0.9620253164556962,0.5683826153727471,ok,1433.3791850944565,-7.240368091445021,-1.5457763484857878
778,-0.285729645441279,0.6559634421087139,0.03147536522248459,0.9998479053630557,86,77,0.8953488372093024,0.3234132041716104,ok,1433.6467512476872,-7.9039476430531295,-1.5772517137082724
779,-1.1371324312399338,0.7377424321244916,-0.013671212616262718,0.9990532322792839,80,64,0.8,1.5777927585930673,ok,1434.763330062778,-8.672443454378481,-1.5635805010920096
780,-1.158699796450037,-1.0139442277276203,-0.0796255794815221,0.9979928985005055,70,43,0.6142857142857143,1.7869852611963946,ok,1435.9478993677878,-7.688846139993416,-1.4839549216104875
781,1.083076869710112,-3.5078540172592056,-0.25271069455548284,0.9990916474230157,68,57,0.8382352941176471,1.3882056758063346,ok,1434.9404479700017,-4.158529299651605,-1.2312442270550052
782,-5.946017627391484,11.392232778657444,0.6611678364304251,0.9927994412220413,65,33,0.5076923076923077,1.1326849527973826,ok,1440.5070190160675,-15.740902981132876,-1.892412063485429
783,2.868267330540675,7.320794245874254,-0.13100146716453157,0.9997210157889214,80,48,0.6,0.7252817845157047,ok,1437.4150835311996,-22.970074498484337,-1.7614105963208981
784,-1.6116013561099862,1.4781890126578219,0.05264852869138142,0.9991584100436937,97,85,0.8762886597938144,1.1276415658666785,ok,1438.9790836157345,-24.49853955328024,-1.8140591250122793
785,-4.601200442506524,1.9559736314965903,0.12056479725147988,0.9964722279539101,79,58,0.7341772151898734,3.4551091562494296,ok,1443.5116293729413,-26.60873085220544,-1.934623922263759
786,-2.324999305707024,1.8570630969197737,0.14071394631859677,0.9989647660256635,71,68,0.9577464788732394,1.3651795116692647,ok,1445.7678527869891,-28.548772352633705,-2.075337868582355
787,-1.016601021342467,2.132393731522825,0.17601533758634405,0.9999633393100356,78,67,0.8589743589743589,1.042412180073628,ok,1446.6999013940326,-30.71945566830641,-2.2513532061686985
788,-0.9583847284866351,2.869386356318614,0.2194001605068494,1.0004589837390514,68,57,0.8382352941176471,1.180581492060109,ok,1447.5336975924263,-33.62748992690251,-2.470753366675547
789,2.4616112976573277,-1.3189154481208334,-0.04731502538373565,1.0021121583671708,82,58,0.7073170731707317,2.161470935498648,ok,1445.1300574257746,-32.20566641840969,-2.4234383412918112
790,-19.03779592280398,40.386059972948715,2.360343944079153,0.990710383638785,49,28,0.5714285714285714,1.7261301839934613,ok,1460.7335082936886,-74.03871357911191,-4.783782285370958
791,-2.383269634320186,3.569891887379754,0.14672136997717714,0.9982365519314518,67,44,0.6567164179104478,1.7381044329442907,ok,1462.8011363040007,-77.80023144407323,-4.9305036553481365
792,-3.3200371172531504,4.563711604574792,0.24642391534997243,0.992550566716225,68,35,0.5147058823529411,1.5666998396281095,ok,1465.6958396469897,-82.64489888629873,-5.1769275706981075
793,-0.7110593584591243,0.389106036147723,-0.03739226919033442,0.9990858230930928,69,58,0.8405797101449275,1.4435817494739993,ok,1466.369183456021,-83.09613832767991,-5.139535301507773
794,-5.262816319229842,10.766591167056276,0.6213707004317013,0.9973311766459647,77,33,0.42857142857142855,0.8135798452983095,ok,1470.5246966103598,-94.33662014086747,-5.760906001939473
795,-0.780312932439756,-0.028356272046949016,-0.047770085678966394,0.9990403361809342,76,55,0.7236842105263158,1.398275728929508,ok,1471.3039563582684,-94.38608321787149,-5.713135916260507
796,-0.4753901582855633,0.3913970112395191,0.015239474573757798,0.999738896970408,81,70,0.8641975308641975,0.3937923020224323,ok,1471.7379062148696,-94.82297559015319,-5.728375390834264
797,-0.6555389546933839,1.5768452468230407,0.10592225046726526,1.0000142963749272,67,56,0.835820895522388,0.42706775946245124,ok,1472.2297603110756,-96.45828956660989,-5.8342976413015295
798,-0.35007580034744024,0.8683135259957453,0.048952065345878336,1.0058948837640564,48,26,0.5416666666666666,0.02766696455818303,ok,1472.4889885597738,-97.35791291028909,-5.883249706647408
799,-0.046825936021832604,0.11120063412840864,0.005533956027995682,1.0228314226296824,59,30,0.5084745762711864,0.018797341312743823,ok,1472.5241584501202,-97.4733309683561,-5.888783662675404
800,-1.865096820117742,6.701567152797452,0.3917210151038215,1.0043220204248375,58,30,0.5172413793103449,1.0468988584510495,ok,1473.6449360750948,-104.3387112176373,-6.280504677779224
801,0.12161486327750026,0.9124882318395748,0.05970519475220515,1.0008303836988692,49,43,0.8775510204081632,0.5892687103804662,ok,1473.4232972899529,-105.23218824427909,-6.340209872531429
802,-0.3236337831790479,1.6783032745807986,0.09448672250562964,1.0003810590041418,62,45,0.7258064516129032,0.3857381905157615,ok,1473.5568036207255,-106.93618846925767,-6.4346965950370585
803,-0.5414332197328804,1.1211212612972759,0.02716804131468301,0.9994666449452668,52,45,0.8653846153846154,0.8444031981232784,ok,1473.968624011623,-108.11112113950037,-6.461864636351741
804,-1.9613092161880559,2.4296484326794143,0.1115926716909234,0.9973977650901076,51,37,0.7254901960784313,1.2818277057153593,ok,1475.6389006493034,-110.74932153021075,-6.573457308042665
805,1.1985054635101733,-2.193574410398469,-0.14829306354582364,1.0002604375802246,46,39,0.8478260869565217,0.4762638619542355,ok,1474.6933959439305,-108.43540604079988,-6.42516424449684
806,0.5148784065168002,3.971692061978729,0.2261565200923152,1.00426307423484,51,24,0.47058823529411764,2.2643714046756576,ok,1473.721954252181,-112.32072953418015,-6.651320764589156
807,-5.385600281146935,7.916101355044361,0.44769428797474436,0.9974948889898058,64,36,0.5625,2.105730783510152,ok,1478.087962079763,-120.841722827284,-7.0990150525638995
808,1.5584458221721889,1.6771794315196757,0.08694797450867245,1.0018246452444797,69,51,0.7391304347826086,1.8126026539093905,ok,1476.331958601214,-122.3107823936333,-7.18596302707257
809,2.267578751051815,1.088057788232959,0.06287339474988944,1.0020927505267303,72,60,0.8333333333333334,1.621987114674838,ok,1473.9452135940087,-123.10402347510728,-7.248836421822461
810,2.588262692320086,2.8432128093000983,0.17772855962771,1.0033521450501435,67,52,0.7761194029850746,2.6416170305347375,ok,1471.011162440459,-125.58883869394697,-7.426564981450168
811,0.4824144517137938,3.3240299163994678,0.21534345064278584,1.0015554974381102,71,60,0.8450704225352113,1.702479711711078,ok,1470.0909984836394,-128.8191942287002,-7.641908432092954
812,0.5988844079247428,3.425990905775734,0.2274001739757825,1.0023145065740753,74,52,0.7027027027027027,2.2828163227514713,ok,1469.0286878750492,-132.13092676491,-7.869308606068734
813,-0.3190928529234043,3.2668213600736635,0.21478064341140132,1.0009167251847144,66,47,0.7121212121212122,1.3369194004007605,ok,1468.8852088147441,-135.4101577428488,-8.084089249480135
814,3.735657808618271,2.0863172559865006,0.12143153447106766,1.0056789747121377,48,29,0.6041666666666666,4.704225657165559,ok,1464.8900266879502,-136.94194713093805,-8.205520783951204
815,7.052728996335873,13.226144526545568,-0.18411989538576257,0.9982614363934295,69,40,0.5797101449275363,0.8945833605021767,ok,1456.0606859595196,-149.0545285087495,-8.021400888565443
816,2.6563707551390507,5.344117343251924,-0.3119896880804847,0.9995528395614113,90,56,0.6222222222222222,0.603063443336757,ok,1452.711417887878,-153.99399195648198,-7.70941120048496
817,-0.6986495891533195,-0.2911055164215668,-0.047677385516337836,0.999122271639735,79,57,0.7215189873417721,1.1435158661285063,ok,1453.442641698952,-153.79863226710438,-7.661733814968621
818,-1.2841846480691856,-0.5629035997224037,-0.07904429385834948,0.9987156043947858,85,55,0.6470588235294118,1.8143407556022695,ok,1454.7898757554992,-153.41010804675773,-7.5826895211102725
819,-1.285057131960457,0.17614677097537879,-0.06357400019823171,0.9987983167157696,95,68,0.7157894736842105,1.145941445703684,ok,1456.0408329830134,-153.75289884631013,-7.519115520912042
820,-0.3784050317058245,1.3771776093233257,0.026906203275736246,0.9995063188940968,92,77,0.8369565217391305,0.7166365936308423,ok,1456.235106494367,-155.16784278103967,-7.546021724187776
821,3.2310753480953736,-1.9764805785954422,-0.09583254870140161,1.0018500797996697,86,50,0.5813953488372093,1.476622821750686,ok,1453.2875868172134,-152.78909287080808,-7.450189175486376
822,10.229916864912411,9.214825407728199,0.096732125168702,0.999141356456661,61,37,0.6065573770491803,1.3393514742861885,ok,1441.936027789569,-160.58051854264988,-7.546921300655079
823,-4.564340678014105,13.792967868690653,0.7135523401521934,0.9999730743445973,53,36,0.6792452830188679,1.3307690534735914,ok,1444.4713297247692,-174.88616122479027,-8.26047364080727
824,1.3642297977789895,3.6116293067166225,0.15074399929299986,1.000524160055998,70,53,0.7571428571428571,1.3160879168439044,ok,1442.593476720538,-178.25938776399335,-8.411217640100269
825,5.464042672879941,2.323794546436716,0.10662057383612379,1.004290063875875,75,51,0.68,1.5880960842347234,ok,1436.8455093270504,-179.74823102925234,-8.517838213936392
826,2.3775351441358907,2.054321388587482,0.039519669464466826,1.0008098691486298,90,74,0.8222222222222222,0.7495880836267991,ok,1434.1887604940603,-181.42590661398674,-8.55735788340086
827,-0.29141571943796407,1.9405554066236164,-0.029040990672344745,0.9998847335971719,84,69,0.8214285714285714,0.7105671745559686,ok,1434.189173090602,-183.38822112432297,-8.528316892728514
828,-1.0622187516873964,1.0363248576450133,-0.02786770284789264,0.9994690184957238,73,55,0.7534246575342466,1.1756078427009269,ok,1435.086536453123,-184.57017581153173,-8.500449189880621
829,-0.3744695581999622,0.5725189481076995,-0.033604623795611036,0.9996460088350112,68,49,0.7205882352941176,0.9256299757380584,ok,1435.3726287409693,-185.1915908087725,-8.466844566085012
830,12.018225075433293,7.279573290561075,-0.47810336837345035,1.0001027952856727,45,33,0.7333333333333333,0.8737916444343118,ok,1422.4593315308434,-190.7302437514462,-7.988741197711563
831,7.0044419251266845,12.34696796990454,-0.3036886414957139,0.9987505517081281,79,53,0.6708860759493671,1.2399194866788725,ok,1413.8666716339103,-202.0296251782305,-7.685052556215851
832,0.2889083595230204,2.156826313310262,0.02990835560778143,1.0004513534642285,95,63,0.6631578947368421,1.4511708499468507,ok,1413.2908353941662,-204.12814380120892,-7.71496091182363
833,0.25124616402922584,1.9039365074131638,0.14288843990093925,1.0002343553606992,102,84,0.8235294117647058,0.598368943858844,ok,1412.7816501071352,-205.97985360640826,-7.857849351724569
834,-0.396801707153827,2.8771129984237405,0.26699903311615825,1.0004376965167483,92,68,0.7391304347826086,1.0945001288141478,ok,1412.7678448567526,-208.88416767612614,-8.124848384840725
835,0.42819318076180934,2.8816946156789527,0.2465747289526899,1.0006458896016508,111,86,0.7747747747747747,1.2235536131155076,ok,1411.9246692771999,-211.67281756453622,-8.371423113793416
836,-0.538957306634984,2.212328541052557,0.1834973768553543,0.9999929968980286,109,98,0.8990825688073395,0.6128699332281801,ok,1412.1285298497385,-213.94070499977067,-8.554920490648769
837,1.7494534966208448,-0.886191925021194,0.018257700160310322,1.000412709006347,111,82,0.7387387387387387,1.3397648999388165,ok,1410.5307310779967,-212.80361980074963,-8.57317819080908
838,-13.360257411544808,19.029600693111206,0.10894316804671526,0.99809796318786,93,56,0.6021505376344086,1.288159242920671,ok,1420.8653306366139,-233.63192344278968,-8.682121358855795
839,-3.7999475075291684,6.673505875672163,-0.05030489869383571,0.9993309430920074,113,81,0.7168141592920354,0.5454243039824358,ok,1423.6206478823913,-240.80015255518083,-8.63181646016196
840,-0.6699798622360049,0.4226325314264159,-0.032171181742119075,0.9997224557598796,113,98,0.8672566371681416,0.6510237720872585,ok,1424.2198994529804,-241.31821512627425,-8.599645278419842
841,-1.297442583315842,0.5723910895774225,-0.10700409257707992,0.9995825177805453,113,102,0.9026548672566371,0.7463365634554905,ok,1425.4185832883882,-242.07593927077698,-8.49264118584276
842,-1.1121880425616837,1.149030163612565,-0.32919852113288306,0.9999577845745928,119,94,0.7899159663865546,0.524933127629556,ok,1426.3563422913087,-243.3712541403553,-8.16344266470988
843,-1.6228518177570095,-0.9119522796142974,-0.08161446431101296,0.9985834280018141,129,92,0.7131782945736435,1.12572353051182,ok,1428.0912852708877,-242.696511344692,-8.081828200398865
844,-1.5124449757145157,0.8451847462697515,-0.03801298353491655,0.99960473456094,132,115,0.8712121212121212,0.6388957466723549,ok,1429.470582843973,-243.74501755105018,-8.04381521686395
845,-1.1297738300202127,1.652186750514261,0.09387519537044961,0.999615698729458,135,120,0.8888888888888888,0.6032127935872207,ok,1430.3551096053955,-245.54049029489852,-8.137690412234399
846,-9.270206858066103,6.326156748675885,0.2749290884190154,0.9962458769311916,117,76,0.6495726495726496,0.7992248804032215,ok,1438.6000477642156,-253.15481818102126,-8.412619500653413
847,5.006923012696234,16.361292512384125,0.4393289417034765,0.9992485087749494,103,66,0.6407766990291263,0.632910310189028,ok,1431.135056194359,-268.55076152960635,-8.851948442356887
848,1.003602878372476,1.8590601546425205,0.12219371264310193,1.0005930572671635,102,91,0.8921568627450981,0.5453743678028804,ok,1429.8537462013905,-270.23051392147124,-8.974142154999987
849,-6.480523873535731,3.6399526613788566,0.2158840891175018,0.9970051846697844,128,96,0.75,1.0726120467795648,ok,1435.6697521258127,-274.85874470003404,-9.190026244117488
850,-7.089211402927958,2.0586676376888136,0.09286784128740289,1.0001945907007437,131,103,0.7862595419847328,0.420019309278173,ok,1442.3340406528496,-278.034006765797,-9.282894085404891
851,-2.073306265908741,0.6420483468722296,-0.07121727634587116,0.9990834005130971,132,110,0.8333333333333334,0.6337510383808156,ok,1444.2778282426932,-278.9996748027271,-9.211676809059021
852,-1.9310424719949424,1.5973574907359307,-0.42442077374435483,0.9994595451925795,129,101,0.7829457364341085,0.6023490248389554,ok,1445.9421829241107,-280.87328081155147,-8.787256035314668
853,2.9189165510663315,-4.47134879209932,-0.21776772214760312,1.000947142672286,134,120,0.8955223880597015,0.9939712869780983,ok,1443.7221237590545,-276.01690653063486,-8.569488313167067
854,-12.092740922824987,18.978496742473794,-0.13163866132140808,0.9985120525611222,113,85,0.7522123893805309,1.1039329705659973,ok,1452.899129796944,-296.56441931956397,-8.437849651845658
855,4.980811716912513,7.069530072639282,-0.1589841070198595,0.9999923236013992,125,95,0.76,0.512274646228638,ok,1446.9522732288624,-302.843084604953,-8.2788655448258
856,-1.4844005176776136,2.9472960946396825,-0.0520051479553129,0.9990955262999074,127,101,0.7952755905511811,0.7148416734167656,ok,1447.9996609365946,-305.9724580495981,-8.226860396870485
857,-9.586480686249388,2.4011646061671854,0.1407680669229745,0.999665676793346,127,104,0.8188976377952756,0.6954109483889084,ok,1457.1346634990189,-309.7431253112709,-8.36762846379346
858,-3.0000563746859825,1.8248025480341994,0.1441297451077452,0.9993292632732259,138,123,0.8913043478260869,0.6344838997916101,ok,1459.8315824243032,-311.9918740524711,-8.511758208901204
859,-0.6519594069457071,1.0396337632307677,0.07134873483538941,0.9997922193622218,132,123,0.9318181818181818,0.3826327360236155,ok,1460.3210812577813,-313.1171652689916,-8.583106943736594
860,-1.1875424510299126,2.1193358737674544,0.30324319000519523,0.9995951928015943,152,120,0.7894736842105263,0.6370432444462626,ok,1461.1669848335,-315.39450774640295,-8.886350133741788
861,-1.1836968982795497,1.9321450675090546,0.1722709420944233,0.999855843477837,138,122,0.8840579710144928,0.4593900896603902,ok,1462.0317119722745,-317.48892171798605,-9.058621075836207
862,-6.62580597363899,3.1482104421314716,0.13305601133364658,0.996938068329195,119,93,0.7815126050420168,0.9176250179530903,ok,1468.0695509615286,-321.6550991179658,-9.191677087169854
863,1.0998925002320448,15.88540122163863,-0.1792408406358256,0.9987841339059377,136,114,0.8382352941176471,0.5917433882257398,ok,1464.4948076209441,-337.17208805053417,-9.012436246534028
864,-0.0285169129319911,0.5648623248271178,-0.08477767383242187,0.9994533602704369,139,123,0.8848920863309353,0.5382165763288786,ok,1464.4353196003965,-337.7345325684588,-8.927658572701606
865,-6.311594001951335,2.173699958589168,-0.2777753787498399,0.9991554126135845,117,95,0.811965811965812,0.514799244118416,ok,1470.3482083292422,-340.83274773783114,-8.649883193951768
866,-6.138804032264716,0.8725462596501075,-0.08034461464506897,0.998708265191626,129,102,0.7906976744186046,0.574738821623459,ok,1476.2884593590218,-342.6102936936304,-8.569538579306698
867,-2.210265693641304,1.1169650323495262,-0.0732301496765008,0.9987238258403136,138,123,0.8913043478260869,0.6547721707378288,ok,1478.3094414692098,-344.04155769103875,-8.496308429630199
868,-1.363039508965585,2.204070234531855,-0.017621451325486703,0.9993906285071729,138,115,0.8333333333333334,0.5607366157108803,ok,1479.332612584801,-346.42250774720776,-8.478686978304712
869,0.8114346174927505,-0.2652095331017108,-0.06089451560838315,1.0018176181190332,119,90,0.7563025210084033,0.6554063827690504,ok,1478.5687437003032,-346.04136923930037,-8.417792462696328
870,0.3330843538881254,17.065442421005855,0.16295365661706762,0.9993244821727297,93,63,0.6774193548387096,0.611797775435043,ok,1475.6931713052359,-362.86609371288966,-8.580746119313394
871,-14.757567403669555,7.059379931149692,0.37949558616044715,0.9934612260101675,132,93,0.7045454545454546,0.7590519299230315,ok,1489.1711552475667,-372.13780280757356,-8.96024170547384
872,-6.973040889787171,2.8401379745963595,0.3399088632151998,1.0001738039543413,140,90,0.6428571428571429,0.6205743385139163,ok,1495.593553034341,-376.06749613324473,-9.300150568689036
873,-0.9127781363379199,2.6383624094526112,0.1662751739815484,1.0002746055696652,137,119,0.8686131386861314,0.44830572720033185,ok,1496.0599705960508,-378.8200539960185,-9.466425742670584
874,0.10859042502534066,1.0879456388847757,0.06228248575172748,0.9999925846519974,140,113,0.8071428571428572,0.5554830544412367,ok,1495.7727779739835,-379.875012758912,-9.528708228422312
875,-0.416944671718511,0.6220194570790909,-0.054242404948349116,0.9998005412005644,127,103,0.8110236220472441,0.78267527680535,ok,1496.08164572024,-380.5571797323002,-9.474465823473961
876,-0.8601018428100815,2.221524411980795,-0.272077028909008,0.9988467562429802,129,94,0.7286821705426356,0.4996564946537016,ok,1496.5754063166635,-382.8876617353311,-9.202388794564957
877,2.7004455526396214,-6.480160107042593,-0.34076930980143016,1.000509833191878,107,84,0.7850467289719626,0.6993001818282545,ok,1494.9054545000029,-376.06885376577304,-8.86161948476353
878,-0.14265674909142945,17.5826776410031,-0.1164893570267095,0.9988407910472537,132,108,0.8181818181818182,0.5779881634443464,ok,1492.3731933846161,-393.4688123179935,-8.745130127736818
879,14.719293176823612,7.526180002179444,-0.17149255633419822,0.999331912306982,150,108,0.72,0.6812358558134781,ok,1476.696381294105,-398.7165298913102,-8.573637571402623
880,6.541532317142355,3.782779625850253,-0.047928161072552655,0.9992973142810113,155,119,0.7677419354838709,0.44150467991202347,ok,1469.6663274605933,-401.4877047056973,-8.52570941033007
881,0.18483863764254238,2.605596835547999,0.11341864196402716,1.0004922413115451,154,133,0.8636363636363636,0.45732508516675296,ok,1469.0921978797678,-404.0359738076181,-8.639128052294096
882,-1.4091270027063274,2.597166846849859,0.14175241386043885,0.9998158438309896,147,122,0.8299319727891157,0.5755632806204622,ok,1470.088335786434,-406.8178120148176,-8.780880466154533
883,-1.7147213759042188,2.3395683676133103,0.14290107128668272,0.9996540688667435,161,137,0.8509316770186336,0.6528846533941753,ok,1471.419386551548,-409.3950495677818,-8.923781537441215
884,-0.5543609885398837,0.973493568046365,0.0649240786631207,0.999916653021166,186,170,0.9139784946236559,0.2556759573241077,ok,1471.814841114561,-410.44320104597335,-8.988705616104335
885,-0.5519667289099743,1.9219818553822279,0.1135962501053823,0.9998763882380838,167,144,0.8622754491017964,0.5112040739151964,ok,1472.0558039965604,-412.42830013965624,-9.102301866209718
886,-1.4978835850024552,4.58739454998522,0.1859060142811913,0.9999256693141654,132,96,0.7272727272727273,0.9656632437325432,ok,1472.7936400182564,-417.1973086316322,-9.288207880490909
887,16.655404263846094,15.511283104583413,-0.18750473014712893,0.9994633699924965,118,89,0.7542372881355932,0.5982523648587539,ok,1453.8944737005304,-429.8789452467391,-9.100703150343778
888,3.293576646899055,0.6622612633609606,-0.052717375048038646,1.0005945687082751,142,124,0.8732394366197183,0.518826219975723,ok,1450.5377308259265,-430.01501281724796,-9.04798577529574
889,1.760019125620147,1.220325282622298,-0.04999886258404542,1.0005837949014025,149,113,0.7583892617449665,0.6486905844083335,ok,1448.6085121993726,-430.9450540039234,-8.997986912711696
890,-0.39532592533191746,0.9007410130649305,-0.04887493824920777,1.0000525013425239,161,139,0.8633540372670807,0.4574577758167487,ok,1448.8589090518292,-431.89632598192804,-8.949111974462488
891,-1.3084416651302035,1.2916160281578186,-0.010860096942996575,0.9997757794707977,157,123,0.7834394904458599,0.6307186678789858,ok,1449.9507831713718,-433.3755495831175,-8.938251877519493
892,-1.630987999252966,1.2656665003985381,0.06527037501971995,0.9997017004960644,129,107,0.8294573643410853,0.7363344989002912,ok,1451.3636046036338,-434.88086321969934,-9.003522252539213
893,3.344748025841909,-6.645118915100284,-0.0038626592978034924,1.0006906702039473,129,97,0.751937984496124,0.7716044055832694,ok,1449.0995194962477,-427.79433632856944,-8.999659593241411
894,9.337383269652264,17.04252966813806,0.0495873352784853,0.9995503009250521,126,94,0.746031746031746,0.6991915413312255,ok,1437.1978477165128,-443.1561315576832,-9.049246928519894
895,-3.6765965146787494,7.814028443165853,0.2981974847251711,0.9993610824246811,131,112,0.8549618320610687,0.828272574841078,ok,1439.5564629009036,-451.4635581661049,-9.347444413245062
896,1.4996785394982908,3.907357211257249,0.26608213882845716,1.000848377660174,163,131,0.803680981595092,0.6176872663286785,ok,1437.4253103005617,-455.06559435307645,-9.61352655207352
897,6.819156368882204,3.2626736473507663,0.1230325045696779,0.9996567389439884,156,109,0.6987179487179487,0.4937442847890358,ok,1430.1526008835788,-457.1280275395121,-9.736559056643195
898,1.5000306120502955,1.5252656756410943,0.02836948633464982,1.0000013595375543,148,124,0.8378378378378378,0.5832487582831372,ok,1428.4156082153984,-458.37678039298817,-9.764928542977847
899,0.14451763983925048,3.298169535230386,-0.14085592904686764,0.9995912245454458,151,118,0.7814569536423841,0.600314742375309,ok,1427.7217266740242,-461.6043702117052,-9.624072613930977
900,-0.5750316743401527,1.8628283919516662,-0.22680706890086172,0.9997935682168528,148,109,0.7364864864864865,0.5389961416934569,ok,1427.9848808684533,-463.536089889689,-9.397265545030118
901,3.492235611443448,-1.5310407202459828,-0.12604762784756168,1.0012346770939466,157,125,0.7961783439490446,0.8248248646699319,ok,1424.7849281286037,-461.4624221931636,-9.271217917182556
902,9.102986917709813,16.765171668932,-0.3341095057003301,0.9997555854002466,155,107,0.6903225806451613,0.51472223106915,ok,1413.1879832999814,-476.60990457653827,-8.937108411482228
903,-4.108611243301539,6.496856167810051,-0.14479430142911703,0.9991117231604327,157,107,0.6815286624203821,0.6694664704081339,ok,1416.2552481105065,-483.65843016675274,-8.792314110053113
904,4.407578712604391,0.9317369125535606,0.02108091359707271,1.0020283736161733,156,127,0.8141025641025641,1.0401981761399612,ok,1411.7569536834612,-483.9038502752045,-8.813395023650184
905,2.896184533283531,0.8741627678776922,0.03458905031496339,1.0011198198119842,164,141,0.8597560975609756,0.6880990350305912,ok,1408.7607760489989,-484.3221384274666,-8.847984073965149
906,1.6513833177534707,1.9259491763020833,0.1788799963752503,1.0006611431497856,154,126,0.8181818181818182,0.5922545448412477,ok,1406.8276686119275,-485.96513651894253,-9.026864070340398
907,-0.28146058886659375,2.669844331987406,0.20931397687527745,1.0000767021241463,163,124,0.7607361963190185,0.7217020283300389,ok,1406.6769581756903,-488.64554230623287,-9.236178047215676
908,-0.6707194525281466,3.3246554194654436,0.18949336056450547,1.0000357191238018,152,135,0.8881578947368421,0.6579341007733659,ok,1406.7941500648003,-492.03515353811576,-9.425671407780179
909,4.68464227254799,-3.6920887196044987,-0.13577996747910143,1.002349737098922,171,114,0.6666666666666666,1.1655555366841037,ok,1402.766963376273,-487.6352490265469,-9.289891440301078
910,9.5370216093022,15.845654028815716,-0.06516440464689563,0.9993605144467728,134,85,0.6343283582089553,0.8085862563112967,ok,1390.8131101511228,-501.74712083183164,-9.224727035654183
911,3.2218332918721444,8.304806363992157,-0.12079010565433733,0.9999927635692876,142,95,0.6690140845070423,0.5988254460559392,ok,1386.3178269149732,-509.43753350806753,-9.103936929999847
912,0.012928084836403286,1.6355774986307097,0.022178972464788317,1.0002763249054232,139,103,0.7410071942446043,1.1763736444912118,ok,1386.0456466027213,-511.05035673676525,-9.126115902464633
913,-0.48597460490009325,0.9807276395602003,-0.0198735765021972,0.9997203339696231,142,112,0.7887323943661971,1.04253412080816,ok,1386.370280768902,-512.0956369277922,-9.106242325962437
914,0.07237575877343261,2.8260114529330167,-0.19143366355747118,0.999442167319293,157,118,0.7515923566878981,0.4870921885785806,ok,1385.8608443950147,-514.8762939658906,-8.914808662404967
915,-0.4895544348437397,1.348583099280404,-0.02743266093357889,0.9998312922904761,151,128,0.847682119205298,0.8599408259636534,ok,1386.1361749537002,-516.2843184698656,-8.887376001471388
916,-0.2618575046492424,0.9856088099874114,0.014436118017276877,1.0000532901810457,156,125,0.8012820512820513,0.37531325550891154,ok,1386.2423636607878,-517.2985758521672,-8.901812119488666
917,-0.46773594016349307,2.33660405459068,0.10190241380696735,0.9997204108244696,134,110,0.8208955223880597,0.4903085563849677,ok,1386.3386612272222,-519.679588703109,-9.003714533295632
918,-4.345588087418719,2.861824026866998,0.18329333872977102,0.9975825839715883,120,87,0.725,1.9765410644587953,ok,1390.1715950294606,-523.1985077209222,-9.1870078720254
919,-7.349207170985665,1.7173189695918154,0.24705928078333328,0.9894528441245669,127,78,0.6141732283464567,2.5633625327417056,ok,1397.1399131609112,-526.097226904335,-9.434067152808733
920,-9.71469009225575,1.4499863180346892,0.07933895280817001,0.984319344802679,117,79,0.6752136752136753,2.3984818167575166,ok,1406.4813453189042,-529.1328996713964,-9.513406105616903
921,-11.234786527589904,0.3091802849492069,0.02282533486134018,0.9810150313801419,129,91,0.7054263565891473,1.3708081639958627,ok,1417.5096564399116,-531.2990886260766,-9.536231440478243
922,-6.091811294074432,0.2020185025015735,-0.03231364025947689,0.989027704862595,155,109,0.7032258064516129,2.666499233180879,ok,1423.4844971477005,-532.5041839893215,-9.503917800218764
923,-6.45031079051796,-0.4318457013605439,-0.03439279179185867,0.9593518619452679,145,90,0.6206896551724138,nan,interpolated,1429.9179597045113,-533.1394473474415,-9.469525008426906
924,-6.808810286961489,-1.0657099052225476,-0.03647194332424045,0.9857514686213836,164,106,0.6463414634146342,2.5259467080937372,ok,1436.8093643449204,-533.2040786716566,-9.433053065102667
925,-5.099190313390409,-1.0656962746124918,-0.11823371064564776,0.9679490799289711,173,129,0.7456647398843931,16.265405725146802,ok,1442.013808749016,-532.9777849541715,-9.31481935445702
926,-2.815880413191053,-1.5213691268368166,-0.10680354937108233,0.9683734478684087,200,150,0.75,19.210816314927122,ok,1445.0368518163898,-531.9266155414277,-9.20801580508594
927,-1.7655472686531084,-1.1516431124572364,-0.08453202040535364,0.9498725984386078,175,138,0.7885714285714286,nan,interpolated,1446.9626706851795,-531.0694920375308,-9.123483784680586
928,-0.7152141241151639,-0.7819170980776562,-0.062260491439624956,0.9823727170154224,245,206,0.8408163265306122,12.328203976752004,ok,1447.7921033221091,-530.4099716872793,-9.06122329324096
929,-5.755316086467474,-2.4433918585748415,-0.10770755836101027,0.9644166669553427,207,150,0.7246376811594203,18.81581002598496,ok,1453.8575631331612,-528.8920704025397,-8.953515734879952
930,1.1306804679991274,-3.35647966766021,-0.09711330075470136,0.9625925463729369,203,158,0.7783251231527094,28.266652874365793,ok,1453.2571222772592,-525.4015310661771,-8.856402434125249
931,1.7337199252551727,-2.810200943439213,-0.07038874165644791,0.9451204807488675,235,177,0.7531914893617021,nan,interpolated,1451.972989360858,-522.3594895190004,-8.786013692468805
932,2.336759382511218,-2.2639222192183297,-0.043664182558194445,0.9804915534500189,302,248,0.8211920529801324,17.27592347210257,ok,1450.0074756194056,-519.7667026094016,-8.74234950991061
933,6.321957908496415,-4.8595000635572205,-0.10373947297830514,0.9632595768136868,241,177,0.7344398340248963,30.638567162228146,ok,1444.4871425739711,-514.0127634602624,-8.638610036932304
934,9.700089742229693,-6.178467653167104,-0.09764403921431931,0.9634357806870559,296,230,0.777027027027027,32.283787553589534,ok,1435.8122319852957,-506.4621919701674,-8.540965997717985
935,9.700089742229693,-6.178467653167104,-0.09764403921431931,0.9558291764890215,295,205,0.6949152542372882,nan,interpolated,1427.1244662409724,-498.92641530678975,-8.443321958503667
